tool,step,memory_mb
psutil,0,944.259375
psutil,1,1363.83125
psutil,2,1787.03125
psutil,3,2207.43125
psutil,4,2565.73125
psutil,5,2592.50625
psutil,6,2592.50625
psutil,7,2592.50625
psutil,8,2592.50625
psutil,9,2592.50625
psutil,10,2592.50625
psutil,11,2592.50625
psutil,12,3137.4
psutil,13,3919.0546875
psutil,14,4208.2859375
psutil,15,4449.4859375
psutil,16,4687.8859375
psutil,17,4925.4859375
psutil,18,5167.0859375
psutil,19,5391.9015625
psutil,20,4285.9203125
psutil,21,3274.3390625
psutil,22,3603.5390625
psutil,23,4872.671875
psutil,24,5006.671875
psutil,25,5138.671875
psutil,26,5276.671875
psutil,27,5416.671875
psutil,28,5558.671875
psutil,29,5694.671875
psutil,30,5840.671875
psutil,31,2754.71875
psutil,32,2908.71875
psutil,33,3064.71875
psutil,34,3226.71875
psutil,35,3390.71875
tracemalloc,0,0.003124237060546875
tracemalloc,1,1647.9530906677246
tracemalloc,2,1647.9530906677246
tracemalloc,3,1647.9530906677246
tracemalloc,4,1647.9530906677246
tracemalloc,5,1647.9531211853027
tracemalloc,6,1647.9531211853027
tracemalloc,7,1647.9531211853027
tracemalloc,8,1647.9531211853027
tracemalloc,9,1647.953182220459
tracemalloc,10,1647.953182220459
tracemalloc,11,2307.1601524353027
tracemalloc,12,3295.9706077575684
tracemalloc,13,4614.279500579834
tracemalloc,14,4943.8567237854
tracemalloc,15,4943.8567237854
tracemalloc,16,4943.856746673584
tracemalloc,17,4943.856853485107
tracemalloc,18,4943.856899261475
tracemalloc,19,4943.856945037842
tracemalloc,20,2966.313985443115
tracemalloc,21,2966.3140312194823
tracemalloc,22,2471.928325653076
tracemalloc,23,2471.9283714294434
kernel,0,943.60078125
kernel,1,1389.16875
kernel,2,1817.5765625
kernel,3,2230.3765625
kernel,4,2582.6765625
kernel,5,2591.8515625
kernel,6,2591.8515625
kernel,7,2591.8515625
kernel,8,2591.8515625
kernel,9,2591.8515625
kernel,10,2591.8515625
kernel,11,2591.8515625
kernel,12,3160.77421875
kernel,13,4071.18984375
kernel,14,4438.05234375
kernel,15,4676.85234375
kernel,16,4916.45234375
kernel,17,5152.45234375
kernel,18,5388.85234375
kernel,19,5626.45234375
kernel,20,5201.26171875
kernel,21,2903.69921875
kernel,22,3287.69921875
resource,0,943.5859375
resource,1,1355.94921875
resource,2,1763.94921875
resource,3,2166.34921875
resource,4,2525.87421875
resource,5,2591.82421875
resource,6,2591.82421875
resource,7,2591.82421875
resource,8,2591.82421875
resource,9,2591.82421875
resource,10,2591.82421875
resource,11,2591.82421875
resource,12,3135.921875
resource,13,3933.97734375
resource,14,4338.40859375
resource,15,4629.22421875
resource,16,4865.22421875
resource,17,5102.42421875
resource,18,5336.82421875
resource,19,5564.02421875
resource,20,5766.74921875
resource,21,5833.52421875
resource,22,5858.609375
resource,23,5887.89453125
resource,24,5887.89453125
traceq_psutil,0,98.6375
traceq_psutil,1,98.9375
traceq_psutil,2,104.11953125
traceq_psutil,3,121.17421875
traceq_psutil,4,137.17421875
traceq_psutil,5,153.97421875
traceq_psutil,6,169.57421875
traceq_psutil,7,183.57421875
traceq_psutil,8,199.17421875
traceq_psutil,9,218.77421875
traceq_psutil,10,244.37421875
traceq_psutil,11,269.97421875
traceq_psutil,12,296.77421875
traceq_psutil,13,325.57421875
traceq_psutil,14,352.37421875
traceq_psutil,15,379.57421875
traceq_psutil,16,405.57421875
traceq_psutil,17,431.57421875
traceq_psutil,18,458.77421875
traceq_psutil,19,486.37421875
traceq_psutil,20,511.17421875
traceq_psutil,21,535.97421875
traceq_psutil,22,561.17421875
traceq_psutil,23,584.37421875
traceq_psutil,24,607.17421875
traceq_psutil,25,631.17421875
traceq_psutil,26,655.97421875
traceq_psutil,27,681.97421875
traceq_psutil,28,708.77421875
traceq_psutil,29,735.57421875
traceq_psutil,30,761.57421875
traceq_psutil,31,787.57421875
traceq_psutil,32,812.77421875
traceq_psutil,33,838.77421875
traceq_psutil,34,864.37421875
traceq_psutil,35,890.77421875
traceq_psutil,36,913.92421875
traceq_psutil,37,923.32421875
traceq_psutil,38,923.44921875
traceq_psutil,39,923.44921875
traceq_psutil,40,923.44921875
traceq_psutil,41,923.44921875
traceq_psutil,42,923.44921875
traceq_psutil,43,923.44921875
traceq_psutil,44,923.44921875
traceq_psutil,45,923.44921875
traceq_psutil,46,923.44921875
traceq_psutil,47,923.44921875
traceq_psutil,48,923.44921875
traceq_psutil,49,923.44921875
traceq_psutil,50,923.44921875
traceq_psutil,51,923.44921875
traceq_psutil,52,923.44921875
traceq_psutil,53,953.41015625
traceq_psutil,54,1031.12578125
traceq_psutil,55,1122.32578125
traceq_psutil,56,1219.52578125
traceq_psutil,57,1310.72578125
traceq_psutil,58,1401.52578125
traceq_psutil,59,1495.12578125
traceq_psutil,60,1589.92578125
traceq_psutil,61,1681.52578125
traceq_psutil,62,1772.32578125
traceq_psutil,63,1868.32578125
traceq_psutil,64,1959.12578125
traceq_psutil,65,2056.72578125
traceq_psutil,66,2150.72578125
traceq_psutil,67,2248.72578125
traceq_psutil,68,2338.72578125
traceq_psutil,69,2436.32578125
traceq_psutil,70,2523.10078125
traceq_psutil,71,2561.02578125
traceq_psutil,72,2572.60078125
traceq_psutil,73,2572.60078125
traceq_psutil,74,2572.60078125
traceq_psutil,75,2572.60078125
traceq_psutil,76,2572.60078125
traceq_psutil,77,2572.60078125
traceq_psutil,78,2572.60078125
traceq_psutil,79,2572.60078125
traceq_psutil,80,2572.60078125
traceq_psutil,81,2572.60078125
traceq_psutil,82,2572.60078125
traceq_psutil,83,2572.60078125
traceq_psutil,84,2572.60078125
traceq_psutil,85,2572.60078125
traceq_psutil,86,2572.60078125
traceq_psutil,87,2572.60078125
traceq_psutil,88,2572.60078125
traceq_psutil,89,2572.60078125
traceq_psutil,90,2572.60078125
traceq_psutil,91,2572.60078125
traceq_psutil,92,2572.60078125
traceq_psutil,93,2572.60078125
traceq_psutil,94,2572.60078125
traceq_psutil,95,2572.60078125
traceq_psutil,96,2572.60078125
traceq_psutil,97,2572.60078125
traceq_psutil,98,2572.60078125
traceq_psutil,99,2572.60078125
traceq_psutil,100,2572.60078125
traceq_psutil,101,2572.60078125
traceq_psutil,102,2572.60078125
traceq_psutil,103,2572.60078125
traceq_psutil,104,2572.60078125
traceq_psutil,105,2634.63203125
traceq_psutil,106,2761.44765625
traceq_psutil,107,2884.64765625
traceq_psutil,108,3043.07890625
traceq_psutil,109,3247.07890625
traceq_psutil,110,3451.47890625
traceq_psutil,111,3667.07890625
traceq_psutil,112,3865.503125
traceq_psutil,113,4013.12734375
traceq_psutil,114,4153.51796875
traceq_psutil,115,4264.31796875
traceq_psutil,116,4337.9328125
traceq_psutil,117,4387.9328125
traceq_psutil,118,4438.3328125
traceq_psutil,119,4488.3328125
traceq_psutil,120,4538.3328125
traceq_psutil,121,4592.3328125
traceq_psutil,122,4642.3328125
traceq_psutil,123,4692.3328125
traceq_psutil,124,4742.7328125
traceq_psutil,125,4792.7328125
traceq_psutil,126,4844.7328125
traceq_psutil,127,4895.5328125
traceq_psutil,128,4945.5328125
traceq_psutil,129,4999.1328125
traceq_psutil,130,5049.5328125
traceq_psutil,131,5099.9328125
traceq_psutil,132,5149.5328125
traceq_psutil,133,5199.9328125
traceq_psutil,134,5249.9328125
traceq_psutil,135,5305.5328125
traceq_psutil,136,5357.1328125
traceq_psutil,137,5407.1328125
traceq_psutil,138,5456.7328125
traceq_psutil,139,5506.7328125
traceq_psutil,140,5556.3328125
traceq_psutil,141,5606.7328125
traceq_psutil,142,5660.3328125
traceq_psutil,143,5713.9328125
traceq_psutil,144,5761.5328125
traceq_psutil,145,5146.7421875
traceq_psutil,146,4543.5515625
traceq_psutil,147,3947.59453125
traceq_psutil,148,2761.60390625
traceq_psutil,149,2777.246875
traceq_psutil,150,2858.846875
traceq_psutil,151,2941.246875
traceq_psutil,152,3022.446875
traceq_psutil,153,3104.446875
traceq_psutil,154,3186.046875
traceq_psutil,155,2605.73671875
traceq_psutil,156,2478.462890625
traceq_psutil,157,3306.83984375
traceq_psutil,158,3385.96484375
traceq_tracemalloc,0,494.404231262207
traceq_tracemalloc,1,1647.972141456604
traceq_tracemalloc,2,2142.35689201355
traceq_tracemalloc,3,2471.9466440200804
traceq_tracemalloc,4,2471.9466440200804
traceq_tracemalloc,5,2471.9466440200804
traceq_tracemalloc,6,2471.9466440200804
traceq_tracemalloc,7,2471.9466440200804
traceq_tracemalloc,8,2471.9466440200804
traceq_tracemalloc,9,2471.9466440200804
traceq_tracemalloc,10,2471.9466440200804
traceq_tracemalloc,11,2471.9466440200804
traceq_tracemalloc,12,2471.9466440200804
traceq_tracemalloc,13,2471.9466440200804
traceq_tracemalloc,14,2471.9466440200804
traceq_tracemalloc,15,2471.9466440200804
traceq_tracemalloc,16,2471.9466440200804
traceq_tracemalloc,17,2471.9466440200804
traceq_tracemalloc,18,2471.9466440200804
traceq_tracemalloc,19,2471.9466440200804
traceq_tracemalloc,20,2471.9466440200804
traceq_tracemalloc,21,2471.9466440200804
traceq_tracemalloc,22,2471.9466440200804
traceq_tracemalloc,23,2471.9466440200804
traceq_tracemalloc,24,2471.9466440200804
traceq_tracemalloc,25,2471.9466440200804
traceq_tracemalloc,26,2471.9466440200804
traceq_tracemalloc,27,2471.9466440200804
traceq_tracemalloc,28,2471.9466440200804
traceq_tracemalloc,29,2471.9466440200804
traceq_tracemalloc,30,2471.9466440200804
traceq_tracemalloc,31,2471.9466440200804
traceq_tracemalloc,32,2471.9466440200804
traceq_tracemalloc,33,2471.9466440200804
traceq_tracemalloc,34,2471.9466440200804
traceq_tracemalloc,35,2471.9466440200804
traceq_tracemalloc,36,2471.9466440200804
traceq_tracemalloc,37,2471.9466440200804
traceq_tracemalloc,38,2471.9466440200804
traceq_tracemalloc,39,2471.9466440200804
traceq_tracemalloc,40,2471.9466440200804
traceq_tracemalloc,41,2471.9466440200804
traceq_tracemalloc,42,2471.9466440200804
traceq_tracemalloc,43,2471.9466440200804
traceq_tracemalloc,44,2471.9466440200804
traceq_tracemalloc,45,2471.9466440200804
traceq_tracemalloc,46,2471.9466440200804
traceq_tracemalloc,47,2471.9466440200804
traceq_tracemalloc,48,2471.9466440200804
traceq_tracemalloc,49,2471.9466440200804
traceq_tracemalloc,50,2471.9466440200804
traceq_tracemalloc,51,2801.550139808655
traceq_tracemalloc,52,3790.3606271743774
traceq_tracemalloc,53,3790.3606271743774
traceq_tracemalloc,54,4119.951622962952
traceq_tracemalloc,55,4119.9641229629515
traceq_tracemalloc,56,4119.9641229629515
traceq_tracemalloc,57,4119.9641229629515
traceq_tracemalloc,58,4119.9641229629515
traceq_tracemalloc,59,4449.54133605957
traceq_tracemalloc,60,5438.272995758057
traceq_tracemalloc,61,5438.272995758057
traceq_tracemalloc,62,5767.850218963623
traceq_tracemalloc,63,5767.850218963623
traceq_tracemalloc,64,5767.850218963623
traceq_tracemalloc,65,5767.850218963623
traceq_tracemalloc,66,5767.850218963623
traceq_tracemalloc,67,5767.850218963623
traceq_tracemalloc,68,5767.850218963623
traceq_tracemalloc,69,5767.850218963623
traceq_tracemalloc,70,5767.850218963623
traceq_tracemalloc,71,5767.850218963623
traceq_tracemalloc,72,5767.850218963623
traceq_tracemalloc,73,5767.850218963623
traceq_tracemalloc,74,5767.850218963623
traceq_tracemalloc,75,5767.850218963623
traceq_tracemalloc,76,5767.850218963623
traceq_tracemalloc,77,5767.850218963623
traceq_tracemalloc,78,5767.850218963623
traceq_tracemalloc,79,5767.850218963623
traceq_tracemalloc,80,5767.850218963623
traceq_tracemalloc,81,5767.850218963623
traceq_tracemalloc,82,5767.850218963623
traceq_tracemalloc,83,5767.850218963623
traceq_tracemalloc,84,5767.850218963623
traceq_tracemalloc,85,5767.850218963623
traceq_tracemalloc,86,5767.850218963623
traceq_tracemalloc,87,5767.850218963623
traceq_tracemalloc,88,5767.850218963623
traceq_tracemalloc,89,5767.850218963623
traceq_tracemalloc,90,5767.850218963623
traceq_tracemalloc,91,5273.464456939697
traceq_tracemalloc,92,4284.692932891846
traceq_tracemalloc,93,3790.30717086792
traceq_tracemalloc,94,3790.30717086792
traceq_tracemalloc,95,3295.921408843994
traceq_tracemalloc,96,3295.921408843994
traceq_tracemalloc,97,3295.921408843994
traceq_tracemalloc,98,3295.921408843994
traceq_tracemalloc,99,3295.921408843994
traceq_tracemalloc,100,3295.921408843994
traceq_tracemalloc,101,3295.921414375305
traceq_tracemalloc,102,1647.9607238769531
traceq_tracemalloc,103,3295.9214239120483
traceq_tracemalloc,104,3295.9214239120483
traceq_tracemalloc,105,0.03013324737548828
traceq_kernel,0,98.171875
traceq_kernel,1,98.171875
traceq_kernel,2,101.35390625
traceq_kernel,3,116.80859375
traceq_kernel,4,130.00859375
traceq_kernel,5,147.20859375
traceq_kernel,6,163.60859375
traceq_kernel,7,178.80859375
traceq_kernel,8,195.60859375
traceq_kernel,9,213.20859375
traceq_kernel,10,237.60859375
traceq_kernel,11,263.60859375
traceq_kernel,12,289.60859375
traceq_kernel,13,316.00859375
traceq_kernel,14,342.00859375
traceq_kernel,15,368.80859375
traceq_kernel,16,395.20859375
traceq_kernel,17,422.00859375
traceq_kernel,18,448.00859375
traceq_kernel,19,474.80859375
traceq_kernel,20,500.80859375
traceq_kernel,21,526.80859375
traceq_kernel,22,552.40859375
traceq_kernel,23,578.40859375
traceq_kernel,24,604.00859375
traceq_kernel,25,630.00859375
traceq_kernel,26,655.60859375
traceq_kernel,27,682.00859375
traceq_kernel,28,708.40859375
traceq_kernel,29,733.60859375
traceq_kernel,30,760.00859375
traceq_kernel,31,786.00859375
traceq_kernel,32,811.60859375
traceq_kernel,33,837.20859375
traceq_kernel,34,863.60859375
traceq_kernel,35,889.60859375
traceq_kernel,36,912.78359375
traceq_kernel,37,922.68359375
traceq_kernel,38,922.68359375
traceq_kernel,39,922.68359375
traceq_kernel,40,922.68359375
traceq_kernel,41,922.68359375
traceq_kernel,42,922.68359375
traceq_kernel,43,922.68359375
traceq_kernel,44,922.68359375
traceq_kernel,45,922.68359375
traceq_kernel,46,922.68359375
traceq_kernel,47,922.68359375
traceq_kernel,48,922.68359375
traceq_kernel,49,922.68359375
traceq_kernel,50,922.68359375
traceq_kernel,51,922.68359375
traceq_kernel,52,924.95390625
traceq_kernel,53,943.15390625
traceq_kernel,54,1026.43515625
traceq_kernel,55,1117.63515625
traceq_kernel,56,1218.43515625
traceq_kernel,57,1310.43515625
traceq_kernel,58,1401.63515625
traceq_kernel,59,1493.23515625
traceq_kernel,60,1587.23515625
traceq_kernel,61,1683.63515625
traceq_kernel,62,1776.43515625
traceq_kernel,63,1868.83515625
traceq_kernel,64,1960.03515625
traceq_kernel,65,2059.23515625
traceq_kernel,66,2150.43515625
traceq_kernel,67,2243.23515625
traceq_kernel,68,2334.83515625
traceq_kernel,69,2426.03515625
traceq_kernel,70,2509.61015625
traceq_kernel,71,2558.73515625
traceq_kernel,72,2571.91015625
traceq_kernel,73,2571.91015625
traceq_kernel,74,2571.91015625
traceq_kernel,75,2571.91015625
traceq_kernel,76,2571.91015625
traceq_kernel,77,2571.91015625
traceq_kernel,78,2571.91015625
traceq_kernel,79,2571.91015625
traceq_kernel,80,2571.91015625
traceq_kernel,81,2571.91015625
traceq_kernel,82,2571.91015625
traceq_kernel,83,2571.91015625
traceq_kernel,84,2571.91015625
traceq_kernel,85,2571.91015625
traceq_kernel,86,2571.91015625
traceq_kernel,87,2571.91015625
traceq_kernel,88,2571.91015625
traceq_kernel,89,2571.91015625
traceq_kernel,90,2571.91015625
traceq_kernel,91,2571.91015625
traceq_kernel,92,2571.91015625
traceq_kernel,93,2571.91015625
traceq_kernel,94,2571.91015625
traceq_kernel,95,2571.91015625
traceq_kernel,96,2571.91015625
traceq_kernel,97,2571.91015625
traceq_kernel,98,2571.91015625
traceq_kernel,99,2571.91015625
traceq_kernel,100,2571.91015625
traceq_kernel,101,2571.91015625
traceq_kernel,102,2571.91015625
traceq_kernel,103,2578.72578125
traceq_kernel,104,2619.12578125
traceq_kernel,105,2761.18828125
traceq_kernel,106,2961.98828125
traceq_kernel,107,3163.98828125
traceq_kernel,108,3382.78828125
traceq_kernel,109,3583.98828125
traceq_kernel,110,3807.98828125
traceq_kernel,111,4008.37890625
traceq_kernel,112,4169.96953125
traceq_kernel,113,4266.74140625
traceq_kernel,114,4317.14140625
traceq_kernel,115,4367.94140625
traceq_kernel,116,4418.34140625
traceq_kernel,117,4472.74140625
traceq_kernel,118,4523.54140625
traceq_kernel,119,4573.94140625
traceq_kernel,120,4624.34140625
traceq_kernel,121,4675.14140625
traceq_kernel,122,4728.34140625
traceq_kernel,123,4779.14140625
traceq_kernel,124,4831.94140625
traceq_kernel,125,4884.74140625
traceq_kernel,126,4936.34140625
traceq_kernel,127,4986.34140625
traceq_kernel,128,5037.14140625
traceq_kernel,129,5091.14140625
traceq_kernel,130,5141.14140625
traceq_kernel,131,5194.74140625
traceq_kernel,132,5245.54140625
traceq_kernel,133,5298.34140625
traceq_kernel,134,5349.14140625
traceq_kernel,135,5399.94140625
traceq_kernel,136,5450.34140625
traceq_kernel,137,5500.34140625
traceq_kernel,138,5550.74140625
traceq_kernel,139,5604.74140625
traceq_kernel,140,5655.54140625
traceq_kernel,141,5709.94140625
traceq_kernel,142,5760.74140625
traceq_kernel,143,5811.94140625
traceq_kernel,144,5202.784375
traceq_kernel,145,2950.11328125
traceq_kernel,146,2708.55625
traceq_kernel,147,2790.55625
traceq_kernel,148,2873.75625
traceq_kernel,149,2955.75625
traceq_kernel,150,3036.95625
traceq_kernel,151,3119.75625
traceq_kernel,152,3202.95625
traceq_kernel,153,3289.35625
traceq_kernel,154,3350.1630859375
traceq_kernel,155,2174.51953125
traceq_resource,0,427.4953125
traceq_resource,1,956.46640625
traceq_resource,2,1044.40234375
traceq_resource,3,1134.00234375
traceq_resource,4,1224.40234375
traceq_resource,5,1321.60234375
traceq_resource,6,1412.80234375
traceq_resource,7,1503.20234375
traceq_resource,8,1596.40234375
traceq_resource,9,1686.40234375
traceq_resource,10,1777.20234375
traceq_resource,11,1868.00234375
traceq_resource,12,1954.00234375
traceq_resource,13,2038.40234375
traceq_resource,14,2126.80234375
traceq_resource,15,2217.60234375
traceq_resource,16,2309.20234375
traceq_resource,17,2400.00234375
traceq_resource,18,2490.40234375
traceq_resource,19,2551.52734375
traceq_resource,20,2571.27734375
traceq_resource,21,2571.47734375
traceq_resource,22,2571.47734375
traceq_resource,23,2571.47734375
traceq_resource,24,2571.47734375
traceq_resource,25,2571.47734375
traceq_resource,26,2571.47734375
traceq_resource,27,2571.47734375
traceq_resource,28,2571.47734375
traceq_resource,29,2571.47734375
traceq_resource,30,2571.47734375
traceq_resource,31,2571.47734375
traceq_resource,32,2571.47734375
traceq_resource,33,2571.47734375
traceq_resource,34,2571.47734375
traceq_resource,35,2571.47734375
traceq_resource,36,2571.47734375
traceq_resource,37,2571.47734375
traceq_resource,38,2571.47734375
traceq_resource,39,2571.47734375
traceq_resource,40,2571.47734375
traceq_resource,41,2571.47734375
traceq_resource,42,2571.47734375
traceq_resource,43,2571.47734375
traceq_resource,44,2571.47734375
traceq_resource,45,2571.47734375
traceq_resource,46,2571.47734375
traceq_resource,47,2571.47734375
traceq_resource,48,2571.47734375
traceq_resource,49,2571.47734375
traceq_resource,50,2571.47734375
traceq_resource,51,2571.47734375
traceq_resource,52,2633.90859375
traceq_resource,53,2764.33984375
traceq_resource,54,2954.35546875
traceq_resource,55,3157.95546875
traceq_resource,56,3371.95546875
traceq_resource,57,3571.95546875
traceq_resource,58,3775.95546875
traceq_resource,59,3993.55546875
traceq_resource,60,4143.9703125
traceq_resource,61,4262.81875
traceq_resource,62,4320.44296875
traceq_resource,63,4370.04296875
traceq_resource,64,4420.84296875
traceq_resource,65,4470.84296875
traceq_resource,66,4520.04296875
traceq_resource,67,4570.04296875
traceq_resource,68,4620.04296875
traceq_resource,69,4672.04296875
traceq_resource,70,4726.04296875
traceq_resource,71,4776.04296875
traceq_resource,72,4830.44296875
traceq_resource,73,4882.04296875
traceq_resource,74,4933.64296875
traceq_resource,75,4983.24296875
traceq_resource,76,5034.04296875
traceq_resource,77,5084.04296875
traceq_resource,78,5133.64296875
traceq_resource,79,5183.64296875
traceq_resource,80,5233.64296875
traceq_resource,81,5284.44296875
traceq_resource,82,5341.24296875
traceq_resource,83,5391.24296875
traceq_resource,84,5441.24296875
traceq_resource,85,5491.24296875
traceq_resource,86,5542.04296875
traceq_resource,87,5592.04296875
traceq_resource,88,5641.24296875
traceq_resource,89,5694.04296875
traceq_resource,90,5748.84296875
traceq_resource,91,5798.84296875
traceq_resource,92,5838.79296875
traceq_resource,93,5861.54296875
traceq_resource,94,5867.51796875
traceq_resource,95,5867.51796875
traceq_resource,96,5867.51796875
traceq_resource,97,5867.51796875
traceq_resource,98,5867.51796875
traceq_resource,99,5867.51796875
traceq_resource,100,5867.51796875
traceq_resource,101,5867.51796875
traceq_resource,102,5867.51796875
traceq_resource,103,5867.540364583333
traceq_resource,104,5867.5390625
