num_samples,model_name,rmse,mae,r2,accuracy,score,residuals,y_pred,y_test
496,linear_regression,0.0057694911983737635,0.003752819208986695,0.9999999404963378,1.0,2.772497373164634,"1405    0.000368
221     0.022136
695     0.000967
527     0.001438
713    -0.000267
          ...   
743     0.002191
1148   -0.000684
59     -0.005538
962     0.016132
1483    0.002307
Name: avg_peak_memory_usage, Length: 100, dtype: float64","[ 14.41409589   1.88275609  36.07616823  32.44761957  32.47497664
  88.50583709  10.84943095  12.52685884   2.75569427   0.99156463
   2.75566318  28.39617825  12.62261164   0.98699313  13.52300311
  11.28134924  21.63486946   6.30679209   2.7739466   88.5058068
   4.55632481  37.88577606  43.2600137    0.99155598  14.30466354
  10.83119289   9.41667247  86.69167956   5.44754713   2.31467546
  14.30469222   4.55635078   6.7980228    0.76876955  10.83118172
   7.22993703   5.45663816  33.12510752  27.04117251  31.57014086
   3.64690222   8.97124158   2.31465837 101.16831816   0.33229622
   1.87363705  13.52300367  24.34492874   6.79802024  13.52291655
   1.85992153  25.19049318   7.86181756  18.90659823   2.09643184
  55.27774878  25.25432065  57.73744989  27.06403755  10.84941364
  75.84306985   8.97123818  28.78256978   7.24817511  20.29357551
   5.45663713  32.47498279   3.19674749  13.54580477   7.19329899
 101.16835688   3.42410681   5.45665445   2.75571159  28.78233747
  37.85393646  37.88583665   6.33874255   4.11530591  36.07612039
  16.2284506   25.19029958   2.76027113  31.57006826  40.60494859
  18.00627959  24.34493796  50.51705178  25.19047167  16.91964834
  64.99440256   9.48072612   3.66515349   5.41558906   3.63777905
  50.51717501  75.84310448   2.76026703   1.42345745  50.51705383]","1405    14.414464
221      1.904892
695     36.077135
527     32.449058
713     32.474710
          ...    
743     50.519366
1148    75.842421
59       2.754729
962      1.439590
1483    50.519361
Name: avg_peak_memory_usage, Length: 100, dtype: float64"
446,linear_regression,0.0055249328997339486,0.0033281449065669815,0.9999999463471052,1.0,2.7729468424666983,"863     0.001008
878    -0.001144
1459    0.000890
617    -0.002685
1495   -0.002417
          ...   
1163   -0.001323
602     0.024061
1507    0.001470
275    -0.004747
191     0.007434
Name: avg_peak_memory_usage, Length: 90, dtype: float64","[ 36.07628232  28.19621187  43.29656077  10.83118118 101.16872322
  14.30535769   2.75992676  36.07616828  10.74928153  21.65311878
  55.27771845   8.08467176   3.64669731  21.59871425  88.50598139
  54.14574436  37.85422154  39.47279987  37.88595117   6.33863747
  13.52294793   0.99118214  64.99442026   5.41558761  75.84316282
  64.99447907   5.45641956   2.76005641  18.90683149  31.5701889
  45.11083436   1.87326951   2.75551921  12.19059019  18.93840328
   0.55011916  37.85402149  37.88582494  66.35395099   1.43225933
  21.59819571   2.75539476   4.08774457  12.62246457  32.44741203
   1.20486483  18.05177779  23.66745253   4.11503939   0.76838698
   7.19346796  56.86474382  21.5984998   20.29356329  28.39608652
   3.64658327  11.28132867  47.37538837  57.73773791  14.41401466
  88.50601569  40.60486504  15.76443651  25.25427624  12.52671823
  10.83097032   1.43221642  18.93855533  86.69189182   0.76836796
  10.83112237   1.20492246  25.19028804  12.62269563   2.31436994
   2.09607425   3.66486563  37.88588256   2.31432243  56.86465739
  11.2811126   43.25999608  13.52304595   8.97153306  14.30455108
   6.30685081   1.87327932  57.73743382   7.24799013  14.30508323]","863      36.077290
878      28.195068
1459     43.297451
617      10.828497
1495    101.166306
           ...    
1163      6.305528
602       1.897340
1507     57.738904
275       7.243243
191      14.312517
Name: avg_peak_memory_usage, Length: 90, dtype: float64"
401,linear_regression,0.0061343631606288395,0.0038642024239020963,0.9999998752314092,1.0,2.7722130921411123,"2      -0.006599
1124   -0.000509
512    -0.002457
695     0.000839
596    -0.001588
          ...   
1447    0.000230
437    -0.006814
284    -0.001728
1423    0.001526
617    -0.002893
Name: avg_peak_memory_usage, Length: 81, dtype: float64","[ 0.33212796 66.35380951 12.19090113 36.07629616  6.30708974 14.30515638
  0.98691399  4.55641725 13.5459348  23.66760027 21.65329134  5.42038786
 11.28153771 25.19070796 12.52754552  4.08807317  9.03983579  5.41585816
  1.87362273  1.85999917 37.88595392 54.14562986 25.19092406  7.24823722
 36.07629498  6.79808107 21.63507508  3.19679056 10.83136756  5.42038493
 21.63514109  5.44761205  8.1394618  47.37532419  4.0880079   6.75269713
 18.90678989 12.62290992 31.57017805  2.75577775 48.73480882  3.64694232
  3.66515682 64.99428299 13.52323472  9.4809218  14.41448652 10.84951957
 64.99428474 14.20978396 18.0520256   9.48087974 18.90695198 10.83139093
  6.75270605  1.4325458  28.78305806 43.29679666 45.11092278 22.55812191
  7.24827927 12.19089981  4.53370316  2.31465784 18.00664998  1.87359118
 10.17201345  5.44761322  3.19685365 12.62290699  5.45669888  3.19682838
 14.30545072  1.20517648  7.86220828 24.34511859 72.2146476   4.11531434
 12.62294147 57.73764947 10.83138917]","2        0.325529
1124    66.353300
512     12.188444
695     36.077135
596      6.305502
          ...    
1447    72.214877
437      4.108501
284     12.621214
1423    57.739175
617     10.828497
Name: avg_peak_memory_usage, Length: 81, dtype: float64"
360,linear_regression,0.004348163847765898,0.0030363179011781596,0.9999999516486602,1.0,2.773813658623723,"1169    0.001457
605    -0.006411
218     0.005809
1429    0.001141
383     0.005314
          ...   
389     0.015055
842    -0.003991
845    -0.003263
1426    0.001454
1251    0.000081
Name: avg_peak_memory_usage, Length: 72, dtype: float64","[ 9.41748908  3.66526982  0.99157985 18.00651653 28.78271222 43.29641224
  4.0881141  43.29657695 50.51684805 75.84273752  4.75202806 18.93868487
 10.84952657  0.76877956 43.29646004 28.85554228  8.13953291  8.15315271
 10.82235211 86.69131327 37.85378674  7.19393082 12.52737647 47.37506581
  2.76044555 50.51687196 32.44773007 10.83131904  6.79816952  1.20528826
  2.76044688 23.6675435  47.37507246 63.17984336 12.62296593  2.75585578
 25.19062955 28.85544668  9.41722604 33.83439212 37.885626   21.63497798
 15.76481817 13.5231606  43.26009828 18.00665194  1.43264702 14.30532878
  9.48090718 18.93864304  2.75590494 20.29358645 20.29358839 12.62286364
  2.76039908  7.86236479 36.07601682 56.86428963 72.21451024  3.63799434
  2.31477504 14.41449929  2.7603871   4.11540749 14.30566337  9.41727996
 10.8495558   1.43267027  4.53375363  9.03983627  8.97167969 31.57003484]","1169     9.418946
605      3.658859
218      0.997388
1429    18.007658
383     28.788026
          ...    
389      1.447726
842      4.529763
845      9.036573
1426     8.973134
1251    31.570116
Name: avg_peak_memory_usage, Length: 72, dtype: float64"
324,linear_regression,0.007307127296681887,0.0036331736327770187,0.9999998928164142,1.0,2.7717353408890943,"578     0.009959
428    -0.002195
242     0.017288
1489   -0.000080
869    -0.001888
          ...   
1396    0.001394
593    -0.002218
290    -0.005019
701    -0.002183
1013   -0.002362
Name: avg_peak_memory_usage, Length: 65, dtype: float64","[  0.98433919   9.48025027   1.43007751  75.84270426  11.28076869
   1.43007554   1.42123341  88.50550445  10.82185897  10.75069018
   5.45514822  14.41426103  10.83071908  63.18014595   2.31279358
  36.07614446   5.64243514   1.87145144  50.51755202  43.29684163
   4.53252327  24.34501479   1.43012513  45.11072503   9.41791146
  39.47253713   1.88028058   9.03889055   4.11343431  14.20934812
   7.24701312  40.60450987   8.97254306  21.59931121  27.04143208
 101.16825496   7.8625515   63.18019806  18.9384507   21.63490152
  31.56987085  15.76478621  66.35354003  16.91923291  18.00710925
  10.83079235  32.44796883  13.52298536  56.86422122   8.13856536
   1.87138495   5.64264358  43.29689343  24.34497927  13.52302088
   8.97250586  23.66755802  16.21520359  18.00678475  16.91910895
  37.85483934   5.41977816   2.31270033  10.83060191   8.13841661]","578      0.994299
428      9.478056
242      1.447366
1489    75.842625
869     11.278880
          ...    
1396    37.856233
593      5.417561
290      2.307681
701     10.828419
1013     8.136055
Name: avg_peak_memory_usage, Length: 65, dtype: float64"
291,linear_regression,0.006148383175069998,0.003572121986780644,0.9999998764927743,1.0,2.772421431790816,"461    -0.004681
1212    0.000794
281    -0.001612
1336   -0.001769
527     0.001662
845    -0.002975
413    -0.006425
347    -0.001330
1450    0.002728
1348    0.005852
854    -0.001126
605    -0.005838
1453    0.001813
1016   -0.002377
1298   -0.000887
608    -0.004612
1136    0.001475
410     0.015042
233    -0.004206
1287    0.001958
1043   -0.000527
92     -0.001490
116     0.000222
1070   -0.000513
20      0.021127
1022   -0.001302
284    -0.001220
932     0.000311
1396    0.002466
191     0.007481
1124   -0.000287
500     0.000137
650    -0.005522
1067   -0.000403
872    -0.001892
953     0.000229
641    -0.001104
1513    0.000173
818    -0.004827
701    -0.002742
110    -0.001921
359     0.004189
893    -0.001289
1109    0.000976
1264    0.001645
611    -0.004617
32      0.015244
1106    0.001874
1227   -0.000657
1088   -0.000412
1309    0.003287
1387    0.000150
203     0.024284
1061   -0.001120
860     0.000197
26     -0.001402
557    -0.001644
167     0.005892
122     0.016819
Name: avg_peak_memory_usage, dtype: float64","[ 5.4563186  28.39610193 10.83089209  5.41538718 32.44739547  9.03954803
  2.77342647 12.62253704 10.74985479 12.52708213 22.55776539  3.66469709
 21.59892521 12.1905991  66.35370358  5.45624808 32.44789899  1.43202996
  5.44710299 22.04909446 21.65299102  6.30656818  7.86170785 33.834346
  1.64113633 20.29335381 12.62243321 55.2774753  37.8537675  14.30503533
 66.353587   23.66717446  3.64667601 27.06397338 16.91960559 54.1454065
 16.2418836  86.69151327  3.42384911 10.83116116  5.64269805 25.19048597
 13.5231116  18.90699492  9.41744493  7.24779627  1.43196335  9.41744558
 18.93853049 24.34502145 25.19118674 21.63482889  1.87304078 13.5231103
 31.56982302  0.54980276 10.82208399 12.52709672  1.42295276]","461      5.451637
1212    28.396896
281     10.829280
1336     5.413618
527     32.449058
845      9.036573
413      2.767001
347     12.621207
1450    10.752583
1348    12.532934
854     22.556639
605      3.658859
1453    21.600739
1016    12.188223
1298    66.352817
608      5.451637
1136    32.449374
410      1.447072
233      5.442897
1287    22.051053
1043    21.652464
92       6.305078
116      7.861930
1070    33.833833
20       1.662263
1022    20.292052
284     12.621214
932     55.277786
1396    37.856233
191     14.312517
1124    66.353300
500     23.667311
650      3.641154
1067    27.063570
872     16.917713
953     54.145635
641     16.240780
1513    86.691686
818      3.419022
701     10.828419
110      5.640777
359     25.194675
893     13.521822
1109    18.907971
1264     9.419090
611      7.243179
32       1.447207
1106     9.419319
1227    18.937874
1088    24.344610
1309    25.194474
1387    21.634978
203      1.897325
1061    13.521990
860     31.570020
26       0.548401
557     10.820440
167     12.532989
122      1.439772
Name: avg_peak_memory_usage, dtype: float64"
261,linear_regression,0.004884455573181258,0.003421280681772584,0.9999999005273985,1.0,2.7732321660778902,"1124   -0.000237
1130    0.002646
104    -0.005640
395    -0.005774
296    -0.005053
128    -0.004852
1052    0.000859
74      0.006530
1348    0.005489
791     0.001435
20      0.020156
677    -0.003482
878    -0.000920
764     0.002459
1209    0.000101
1378   -0.002445
314    -0.006472
413    -0.007253
719     0.001232
1085   -0.000216
611    -0.005244
1184   -0.001088
1287    0.002183
140     0.001324
185     0.002350
440    -0.005444
494    -0.001866
32      0.014282
917    -0.000751
608    -0.005305
257    -0.003932
383     0.004891
467    -0.003577
1067   -0.000247
629    -0.005662
1504    0.003769
1166   -0.000482
854    -0.001182
1366    0.000771
1256    0.000527
596    -0.001746
44     -0.005292
1022   -0.001384
491    -0.003296
971    -0.002826
233    -0.005011
416    -0.006515
1267    0.001150
1486    0.000557
353     0.000739
1230   -0.000471
497    -0.001079
344    -0.003135
Name: avg_peak_memory_usage, dtype: float64","[66.35353732 10.75001308  3.424632    2.76060648  6.79840906  4.08853457
 37.88531543  0.98732349 12.52744514  8.97175502  1.64210713  9.04002422
 28.19598879 50.51690706 23.66721062  5.41619941  2.75618332  2.77425467
 43.29633429 16.21511743  7.24842366 12.6228496  22.04887006  9.41784038
 10.75018784  6.13446344 16.91980527  1.43292514 15.76500137  5.45694163
  8.13973332 28.78313534 10.84964498 27.063817    5.4569808  43.26006935
  7.8622869  22.55782128 18.00635302 47.37467298  6.30724735  3.19725223
 20.29343535 13.5459957   5.42057692  5.44790822  4.11560224 18.90690584
 63.17978822 18.9070565  25.25411753 20.29361841  9.48117567]","1124    66.353300
1130    10.752659
104      3.418992
395      2.754832
296      6.793356
128      4.083683
1052    37.886175
74       0.993853
1348    12.532934
791      8.973190
20       1.662263
677      9.036543
878     28.195068
764     50.519366
1209    23.667312
1378     5.413754
314      2.749712
413      2.767001
719     43.297566
1085    16.214901
611      7.243179
1184    12.621762
1287    22.051053
140      9.419164
185     10.752538
440      6.129019
494     16.917940
32       1.447207
917     15.764250
608      5.451637
257      8.135802
383     28.788026
467     10.846068
1067    27.063570
629      5.451318
1504    43.263838
1166     7.861805
854     22.556639
1366    18.007124
1256    47.375200
596      6.305502
44       3.191960
1022    20.292052
491     13.542700
971      5.417751
233      5.442897
416      4.109087
1267    18.908056
1486    63.180345
353     18.907796
1230    25.253646
497     20.292539
344      9.478040
Name: avg_peak_memory_usage, dtype: float64"
234,linear_regression,0.006492646368094468,0.0034384598677126123,0.9999999374389561,1.0,2.772329948498769,"1492   -0.000985
578     0.009520
1459    0.000865
791     0.000865
221     0.024200
725    -0.001486
698    -0.002411
845    -0.002495
860     0.000318
1378   -0.001834
251    -0.004235
1136    0.001262
1227   -0.000444
257    -0.002921
1016   -0.001955
242     0.016820
1085   -0.000341
614    -0.002168
122     0.018064
185     0.001210
1402   -0.001279
20      0.022178
245    -0.005006
932     0.000345
1298   -0.000690
440    -0.003879
1055    0.000571
944     0.000334
869    -0.002192
719     0.000938
527     0.000972
1489   -0.000320
233    -0.003651
1160   -0.002678
1471   -0.000214
701    -0.002508
788    -0.000581
314    -0.004781
815     0.000443
890    -0.001904
290    -0.005495
623     0.000239
1013   -0.002646
1151   -0.000371
1468   -0.000490
92     -0.002050
1441    0.000455
Name: avg_peak_memory_usage, dtype: float64","[88.50599059  0.98477902 43.29658605  8.97232579  1.8806924  12.62276312
  5.42006589  9.03906807 31.56970232  5.41558858  5.45544688 32.44811122
 18.93831822  8.13872234 12.1901776   1.43054557 16.21524174  9.03895887
  1.42170816 10.75132778  7.19413347  1.64008565  2.77217775 55.27744148
 66.35350647  6.13289769 43.29641973 27.04157456 11.28107248 43.29662807
 32.44808561 75.84294422  5.44654789  4.75125597 86.6918131  10.83092721
  7.86244895  2.75449248 18.00677404  6.75285497  2.31317667 14.41433137
  8.13870133 86.69202144 75.84285406  6.30712833 54.14515037]","1492    88.505006
578      0.994299
1459    43.297451
791      8.973190
221      1.904892
725     12.621278
698      5.417655
845      9.036573
860     31.570020
1378     5.413754
251      5.451212
1136    32.449374
1227    18.937874
257      8.135802
1016    12.188223
242      1.447366
1085    16.214901
614      9.036791
122      1.439772
185     10.752538
1402     7.192854
20       1.662263
245      2.767171
932     55.277786
1298    66.352817
440      6.129019
1055    43.296991
944     27.041908
869     11.278880
719     43.297566
527     32.449058
1489    75.842625
233      5.442897
1160     4.748578
1471    86.691599
701     10.828419
788      7.861868
314      2.749712
815     18.007217
890      6.750951
290      2.307681
623     14.414571
1013     8.136055
1151    86.691650
1468    75.842365
92       6.305078
1441    54.145605
Name: avg_peak_memory_usage, dtype: float64"
210,linear_regression,0.005449311934788858,0.0038594440775613042,0.9999999546925012,1.0,2.772595599833382,"527     0.000707
1215    0.001483
1504    0.004683
1486    0.000991
1106    0.002556
530    -0.003401
92     -0.002759
323    -0.002505
1378   -0.001467
410     0.015372
1420    0.002565
761     0.000400
1474    0.005816
89     -0.003675
242     0.015642
128    -0.004471
110    -0.002934
122     0.016942
74      0.007704
1324   -0.001880
983     0.002178
419    -0.004940
617    -0.002761
1516   -0.003652
1465    0.000376
1303   -0.001975
440    -0.004670
998    -0.001127
1085    0.000668
884     0.000745
1206   -0.000359
608    -0.004546
302    -0.002662
584    -0.004921
104    -0.005106
467    -0.003081
413    -0.006229
863     0.001182
383     0.003284
752     0.000405
827    -0.002008
1498    0.007266
Name: avg_peak_memory_usage, dtype: float64","[ 32.44835035  33.1250875   43.25915529  63.17935379   9.41676355
   4.75140009   6.30783703  10.83140935   5.41522163   1.43169957
  50.51684703  43.2966799   12.52701822   5.42088702   1.43172356
   4.08815418   5.64371122   1.42282973   0.98614906  88.50663927
  10.75053773   5.45629832  10.83125732 101.1699961   64.99380742
  88.50687685   6.13368884  13.52303283  16.21423272  39.47242564
  18.93809565   5.45618246  11.28165488   2.75982597   3.42409778
  10.84914895   2.77323067  36.07610835  28.78474237  21.63447402
  13.54539329  14.30497544]","527      32.449058
1215     33.126571
1504     43.263838
1486     63.180345
1106      9.419319
530       4.747999
92        6.305078
323      10.828905
1378      5.413754
410       1.447072
1420     50.519412
761      43.297080
1474     12.532834
89        5.417212
242       1.447366
128       4.083683
110       5.640777
122       1.439772
74        0.993853
1324     88.504759
983      10.752715
419       5.451359
617      10.828497
1516    101.166344
1465     64.994183
1303     88.504902
440       6.129019
998      13.521906
1085     16.214901
884      39.473170
1206     18.937737
608       5.451637
302      11.278992
584       2.754905
104       3.418992
467      10.846068
413       2.767001
863      36.077290
383      28.788026
752      21.634879
827      13.543385
1498     14.312241
Name: avg_peak_memory_usage, dtype: float64"
189,linear_regression,0.0038730674568481153,0.0026718600656439138,0.9999999735831931,1.0,2.774346107860517,"929     0.000409
1070   -0.000286
74      0.007793
128    -0.004431
1489   -0.000057
1184   -0.001055
473    -0.001501
1393    0.001686
110    -0.002845
932     0.000205
431    -0.002064
893    -0.001390
188     0.003238
878    -0.000920
284    -0.002030
854    -0.001128
872    -0.001852
452    -0.001296
1206   -0.000723
995    -0.002495
701    -0.002851
1471    0.000029
668    -0.000532
1324   -0.001093
401    -0.004135
314    -0.005625
530    -0.003909
650    -0.005478
1465    0.000342
1287    0.001796
86     -0.004645
410     0.015386
845    -0.002971
605    -0.005689
1453    0.001677
233    -0.004493
8       0.003286
953     0.000192
Name: avg_peak_memory_usage, dtype: float64","[47.37501461 33.83411853  0.98606044  4.08811421 75.84268125 12.62281746
 16.24228509 32.44765917  5.64362217 55.27758092 10.82238523 13.52321202
 12.52975834 28.1959886  12.62324351 22.55776672 16.91956532 14.2098206
 18.93845924 10.83117726 10.83126928 86.69156978 25.25437153 88.50585208
  4.08785519  2.75533659  4.75190772  3.64663134 64.99384097 22.04925702
  4.53382414  1.43168592  9.03954378  3.66454835 21.59906144  5.44739026
  0.7676841  54.14544341]","929     47.375423
1070    33.833833
74       0.993853
128      4.083683
1489    75.842625
1184    12.621762
473     16.240784
1393    32.449345
110      5.640777
932     55.277786
431     10.820322
893     13.521822
188     12.532996
878     28.195068
284     12.621214
854     22.556639
872     16.917713
452     14.208525
1206    18.937737
995     10.828682
701     10.828419
1471    86.691599
668     25.253840
1324    88.504759
401      4.083720
314      2.749712
530      4.747999
650      3.641154
1465    64.994183
1287    22.051053
86       4.529179
410      1.447072
845      9.036573
605      3.658859
1453    21.600739
233      5.442897
8        0.770970
953     54.145635
Name: avg_peak_memory_usage, dtype: float64"
170,linear_regression,0.003996725972881451,0.0028716522166599896,0.999999935152223,1.0,2.774129862454785,"1055    0.000428
86     -0.004621
641    -0.001497
1287    0.002360
89     -0.003393
635    -0.004114
518    -0.001378
380     0.003520
1381   -0.001963
1450    0.002764
854    -0.001192
1076    0.000120
104    -0.005158
935     0.000691
413    -0.006684
902    -0.000605
401    -0.004520
116    -0.000743
590    -0.004995
752     0.000106
995    -0.002754
872    -0.001814
410     0.014856
1206   -0.000861
188     0.004534
932     0.000524
44     -0.004928
1085    0.000033
1438    0.000888
440    -0.005028
917    -0.000466
383     0.004561
614    -0.003069
680    -0.002466
Name: avg_peak_memory_usage, dtype: float64","[43.29656248  4.53380008 16.24227728 22.04869306  5.42060528 10.8493959
 20.29352458 25.19122057 10.82222137 10.74981824 22.55783129 47.37486352
  3.42415028 63.17981563  2.77368577 33.83406984  4.08824019  7.86267284
  4.53388877 21.63477356 10.83143633 16.9195272   1.43221572 18.93859737
 12.52846283 55.2772626   3.19688809 16.21486762 45.11042683  6.13404766
 15.76471608 28.78346539  9.03985987 13.54567896]","1055    43.296991
86       4.529179
641     16.240780
1287    22.051053
89       5.417212
635     10.845282
518     20.292146
380     25.194741
1381    10.820258
1450    10.752583
854     22.556639
1076    47.374984
104      3.418992
935     63.180506
413      2.767001
902     33.833465
401      4.083720
116      7.861930
590      4.528894
752     21.634879
995     10.828682
872     16.917713
410      1.447072
1206    18.937737
188     12.532996
932     55.277786
44       3.191960
1085    16.214901
1438    45.111315
440      6.129019
917     15.764250
383     28.788026
614      9.036791
680     13.543213
Name: avg_peak_memory_usage, dtype: float64"
153,linear_regression,0.004741644628851718,0.0036000597366495635,0.9999999375950223,1.0,2.7731789210997464,"251    -0.005660
245    -0.006877
593    -0.002702
1393    0.002579
440    -0.005209
866    -0.002342
629    -0.005360
1324   -0.002242
590    -0.004705
902    -0.000609
752    -0.000040
104    -0.005640
1450    0.003019
530    -0.004123
962     0.016119
1384   -0.000949
1474    0.005348
68     -0.003808
677    -0.003212
605    -0.006285
884     0.000920
1163   -0.001302
383     0.003987
1486    0.000561
815     0.001147
917    -0.000461
44     -0.005264
1230   -0.000076
1264    0.001799
74      0.006772
1453    0.002488
Name: avg_peak_memory_usage, dtype: float64","[ 5.45687118  2.77404853  5.42026244 32.44676673  6.13422828  5.6432406
  5.45667849 88.50700078  4.53359904 33.83407361 21.63491968  3.42463136
 10.74956362  4.75212134  1.42347111 16.22812351 12.52748606  4.75252697
  9.03975468  3.66514431 39.47225057  6.30683014 28.78403985 63.17978411
 18.00607058 15.76471127  3.19722423 25.2537217   9.41729109  0.98708124
 21.59825019]","251      5.451212
245      2.767171
593      5.417561
1393    32.449345
440      6.129019
866      5.640899
629      5.451318
1324    88.504759
590      4.528894
902     33.833465
752     21.634879
104      3.418992
1450    10.752583
530      4.747999
962      1.439590
1384    16.227174
1474    12.532834
68       4.748719
677      9.036543
605      3.658859
884     39.473170
1163     6.305528
383     28.788026
1486    63.180345
815     18.007217
917     15.764250
44       3.191960
1230    25.253646
1264     9.419090
74       0.993853
1453    21.600739
Name: avg_peak_memory_usage, dtype: float64"
137,linear_regression,0.004002816824886125,0.0028585571700759293,0.9999999644919864,1.0,2.774136205749743,"1287    0.002397
1405    0.000375
1450    0.003227
44     -0.005473
842    -0.004402
932    -0.000136
527     0.001297
1417    0.002483
1462    0.000479
1184   -0.000071
794    -0.007891
614    -0.002628
782    -0.001693
1206   -0.000034
1052    0.001510
863     0.002180
1230   -0.000050
605    -0.006789
650    -0.006473
239    -0.002176
1441    0.001049
440    -0.005647
1468   -0.000342
1076    0.000485
1465    0.000275
1351    0.011133
1474    0.005691
677    -0.003652
Name: avg_peak_memory_usage, dtype: float64","[22.04865589 14.4140893  10.74935547  3.19743351  4.53416511 55.2779224
 32.44776091 43.29516596 54.14507334 12.6218335   2.31534096  9.03941897
  5.64228358 18.937771   37.88466435 36.07511038 25.25369568  3.66564794
  3.64762686  7.23000895 54.14455615  6.13466617 75.84270639 47.37449934
 64.99390869 14.30130808 12.52714248  9.04019476]","1287    22.051053
1405    14.414464
1450    10.752583
44       3.191960
842      4.529763
932     55.277786
527     32.449058
1417    43.297649
1462    54.145553
1184    12.621762
794      2.307450
614      9.036791
782      5.640591
1206    18.937737
1052    37.886175
863     36.077290
1230    25.253646
605      3.658859
650      3.641154
239      7.227833
1441    54.145605
440      6.129019
1468    75.842365
1076    47.374984
1465    64.994183
1351    14.312441
1474    12.532834
677      9.036543
Name: avg_peak_memory_usage, dtype: float64"
123,linear_regression,0.005672534274911167,0.003136223340369817,0.9999999191003003,1.0,2.773007169154897,"650    -0.004791
89     -0.002957
668    -0.000128
98      0.013228
842    -0.003171
1085   -0.000263
1264    0.000910
1169    0.001849
104    -0.004253
353     0.000085
20      0.022164
1492   -0.001247
794    -0.005688
92     -0.002130
665    -0.000194
614    -0.001938
641    -0.000740
1426    0.000729
323    -0.002184
1287    0.001384
1474    0.003424
257    -0.002924
866    -0.001934
737    -0.000010
1465    0.000079
Name: avg_peak_memory_usage, dtype: float64","[ 3.64594465  5.4201686  25.2539683   1.20341466  4.53293401 16.2151642
  9.41818069  9.4170968   3.42324463 18.90771093  1.64009919 88.50625247
  2.31313845  6.30720789 21.65261133  9.03872958 16.24152012  8.97240471
 10.83108898 22.04966897 12.52941001  8.13872537  5.64283294 37.88599135
 64.99410391]","650      3.641154
89       5.417212
668     25.253840
98       1.216643
842      4.529763
1085    16.214901
1264     9.419090
1169     9.418946
104      3.418992
353     18.907796
20       1.662263
1492    88.505006
794      2.307450
92       6.305078
665     21.652417
614      9.036791
641     16.240780
1426     8.973134
323     10.828905
1287    22.051053
1474    12.532834
257      8.135802
866      5.640899
737     37.885981
1465    64.994183
Name: avg_peak_memory_usage, dtype: float64"
110,linear_regression,0.006005372095249016,0.004026876609175889,0.9999999300633398,1.0,2.77216413260879,"1453    0.000966
20      0.020972
842    -0.004354
473    -0.001076
1489   -0.001009
1438    0.000757
782    -0.001395
593    -0.001638
419    -0.004855
1492   -0.001405
467    -0.003250
818    -0.005371
650    -0.006153
1384   -0.001089
323    -0.002565
605    -0.006057
530    -0.004569
971    -0.001507
617    -0.001846
1351    0.010004
794    -0.007220
452    -0.000531
Name: avg_peak_memory_usage, dtype: float64","[21.59977236  1.64129113  4.53411717 16.24186013 75.84363404 45.11055808
  5.6419856   5.41919898  5.45621426 88.50641066 10.84931782  3.42439361
  3.64730636 16.22826382 10.83147015  3.66491625  4.75256795  5.41925842
 10.83034287 14.30243769  2.31466983 14.20905615]","1453    21.600739
20       1.662263
842      4.529763
473     16.240784
1489    75.842625
1438    45.111315
782      5.640591
593      5.417561
419      5.451359
1492    88.505006
467     10.846068
818      3.419022
650      3.641154
1384    16.227174
323     10.828905
605      3.658859
530      4.747999
971      5.417751
617     10.828497
1351    14.312441
794      2.307450
452     14.208525
Name: avg_peak_memory_usage, dtype: float64"
99,linear_regression,0.003701209736047211,0.0024523608090865844,0.999999976350881,1.0,2.774603564587709,"98      0.013110
677    -0.002547
668     0.000458
617    -0.001902
815     0.001131
1324   -0.001591
788     0.000023
1163   -0.001028
467    -0.002265
1453    0.001161
869    -0.002195
1076    0.000494
1169    0.001613
932     0.000846
440    -0.003896
1489   -0.000822
428    -0.001762
650    -0.004996
359     0.004646
845    -0.002560
Name: avg_peak_memory_usage, dtype: float64","[ 1.20353247  9.03908905 25.25338151 10.83039855 18.00608618 88.50635039
  7.86184496  6.30655614 10.848333   21.59957717 11.28107513 47.37449013
  9.41733344 55.2769403   6.13291562 75.84344684  9.47981796  3.64614967
 25.1900294   9.03913262]","98       1.216643
677      9.036543
668     25.253840
617     10.828497
815     18.007217
1324    88.504759
788      7.861868
1163     6.305528
467     10.846068
1453    21.600739
869     11.278880
1076    47.374984
1169     9.418946
932     55.277786
440      6.129019
1489    75.842625
428      9.478056
650      3.641154
359     25.194675
845      9.036573
Name: avg_peak_memory_usage, dtype: float64"
89,linear_regression,0.0066755332595431855,0.004404231832387504,0.9999995857301814,1.0,2.7715139809135456,"1351    0.007750
419    -0.002997
257    -0.001831
1169    0.003127
866    -0.001385
98      0.014222
1264    0.001105
359     0.003452
869    -0.001777
74      0.009860
815     0.001958
854    -0.000371
1055    0.001071
8       0.005528
1184    0.000376
122     0.018924
1061   -0.000761
608    -0.002780
Name: avg_peak_memory_usage, dtype: float64","[14.30469166  5.45435628  8.1376324   9.41581867  5.64228411  1.20242051
  9.41798487 25.19122386 11.28065759  0.98399337 18.00525897 22.55701001
 43.29592004  0.76544238 12.62138588  1.42084762 13.52275121  5.45441643]","1351    14.312441
419      5.451359
257      8.135802
1169     9.418946
866      5.640899
98       1.216643
1264     9.419090
359     25.194675
869     11.278880
74       0.993853
815     18.007217
854     22.556639
1055    43.296991
8        0.770970
1184    12.621762
122      1.439772
1061    13.521990
608      5.451637
Name: avg_peak_memory_usage, dtype: float64"
80,linear_regression,0.003164690554761999,0.002014157469977622,0.9999999644554637,1.0,2.775224520905592,"1067   -0.000364
1351    0.010531
878    -0.000823
185     0.003668
452     0.000021
1465    0.000005
815     0.002724
1287    0.001222
866    -0.002184
1055    0.001625
386     0.003472
428    -0.001261
92     -0.000920
1438    0.000643
1381   -0.001493
617    -0.001270
Name: avg_peak_memory_usage, dtype: float64","[27.0639344  14.30190997 28.19589107 10.74886938 14.20850454 64.99417798
 18.00449367 22.04983048  5.64308256 43.29536614  0.76756657  9.47931686
  6.30599789 45.11067182 10.8217514  10.82976669]","1067    27.063570
1351    14.312441
878     28.195068
185     10.752538
452     14.208525
1465    64.994183
815     18.007217
1287    22.051053
866      5.640899
1055    43.296991
386      0.771039
428      9.478056
92       6.305078
1438    45.111315
1381    10.820258
617     10.828497
Name: avg_peak_memory_usage, dtype: float64"
72,linear_regression,0.0027225707406189933,0.0020153804358297683,0.9999999853188456,1.0,2.7754681827699215,"452    -0.000826
1498    0.006508
1420    0.003543
1067    0.000637
1061   -0.000507
650    -0.005284
386     0.003291
1426    0.001608
92     -0.002550
1468   -0.000146
1163   -0.001151
668     0.000160
1055    0.001399
1109    0.001712
1465    0.000907
Name: avg_peak_memory_usage, dtype: float64","[14.2093511  14.30573292 50.51586946 27.06293338 13.52249688  3.64643802
  0.76774742  8.97152547  6.30762794 75.84251046  6.30667968 25.25367938
 43.29559198 18.90625874 64.99327677]","452     14.208525
1498    14.312241
1420    50.519412
1067    27.063570
1061    13.521990
650      3.641154
386      0.771039
1426     8.973134
92       6.305078
1468    75.842365
1163     6.305528
668     25.253840
1055    43.296991
1109    18.907971
1465    64.994183
Name: avg_peak_memory_usage, dtype: float64"
64,linear_regression,0.002960528662794298,0.0024246119031936008,0.9999999812042628,1.0,2.7750337910195904,"953     0.001072
590    -0.004298
452    -0.000424
614    -0.002293
650    -0.005192
245    -0.005344
467    -0.002389
1055    0.001014
1287    0.001353
641    -0.000678
359     0.004253
1468   -0.000863
866    -0.002347
Name: avg_peak_memory_usage, dtype: float64","[54.14456305  4.53319219 14.20894908  9.0390842   3.64634535  2.77251539
 10.84845704 43.29597693 22.04969981 16.24145773 25.19042228 75.84322704
  5.64324614]","953     54.145635
590      4.528894
452     14.208525
614      9.036791
650      3.641154
245      2.767171
467     10.846068
1055    43.296991
1287    22.051053
641     16.240780
359     25.194675
1468    75.842365
866      5.640899
Name: avg_peak_memory_usage, dtype: float64"
57,linear_regression,0.003256207444387659,0.002809051002197971,0.9999999615227984,1.0,2.774585801836113,"953     0.000722
245    -0.006050
818    -0.004842
1109    0.000825
680    -0.002255
788    -0.000537
428    -0.002530
845    -0.002921
1498    0.004727
866    -0.002484
1420    0.003265
614    -0.002551
Name: avg_peak_memory_usage, dtype: float64","[54.14491331  2.77322115  3.4238645  18.90714628 13.54546833  7.86240558
  9.48058529  9.03949362 14.307514    5.64338302 50.51614767  9.03934214]","953     54.145635
245      2.767171
818      3.419022
1109    18.907971
680     13.543213
788      7.861868
428      9.478056
845      9.036573
1498    14.312241
866      5.640899
1420    50.519412
614      9.036791
Name: avg_peak_memory_usage, dtype: float64"
51,linear_regression,0.002994515024662452,0.0021999904075453713,0.9999999757131911,1.0,2.775181172167973,"419    -0.004653
452    -0.000597
359     0.004099
1384   -0.001534
1450    0.000674
584    -0.004753
650    -0.005757
1468   -0.000651
1109    0.000192
854    -0.000649
1206   -0.000641
Name: avg_peak_memory_usage, dtype: float64","[ 5.45601147 14.20912225 25.19057676 16.22870822 10.75190857  2.75965831
  3.64691049 75.84301529 18.90777916 22.55728859 18.93837761]","419      5.451359
452     14.208525
359     25.194675
1384    16.227174
1450    10.752583
584      2.754905
650      3.641154
1468    75.842365
1109    18.907971
854     22.556639
1206    18.937737
Name: avg_peak_memory_usage, dtype: float64"
45,linear_regression,0.0036519692332107234,0.0023470061795893096,0.9999999200851285,1.0,2.7747087006632025,"1163   -0.000240
641    -0.000435
614    -0.002005
1453    0.001436
782    -0.001377
1420    0.004171
1450    0.001441
1351    0.009600
1109    0.000418
Name: avg_peak_memory_usage, dtype: float64","[ 6.30576817 16.24121501  9.03879624 21.59930242  5.64196757 50.51524129
 10.75114186 14.30284129 18.90755279]","1163     6.305528
641     16.240780
614      9.036791
1453    21.600739
782      5.640591
1420    50.519412
1450    10.752583
1351    14.312441
1109    18.907971
Name: avg_peak_memory_usage, dtype: float64"
40,linear_regression,0.006351340452833479,0.004110741732878315,0.9999993417661772,1.0,2.7719102379677176,"410     0.016276
668     0.000588
428    -0.001574
584    -0.004187
782    -0.002467
1022   -0.000589
467    -0.002011
1498    0.005193
Name: avg_peak_memory_usage, dtype: float64","[ 1.43079567 25.2532516   9.47962986  2.75909194  5.64305816 20.29264037
 10.84807877 14.30704828]","410      1.447072
668     25.253840
428      9.478056
584      2.754905
782      5.640591
1022    20.292052
467     10.846068
1498    14.312241
Name: avg_peak_memory_usage, dtype: float64"
36,linear_regression,0.00447422431241713,0.003428493025057322,0.9999994866062597,1.0,2.773453401781582,"1378   -0.003144
866    -0.003277
239     0.000427
419    -0.004073
680    -0.001753
359     0.010258
617    -0.000772
1169    0.003724
Name: avg_peak_memory_usage, dtype: float64","[ 5.41689781  5.64417634  7.22740535  5.45543141 13.54496632 25.18441784
 10.82926839  9.41522205]","1378     5.413754
866      5.640899
239      7.227833
419      5.451359
680     13.543213
359     25.194675
617     10.828497
1169     9.418946
Name: avg_peak_memory_usage, dtype: float64"
32,linear_regression,0.0028443142294776354,0.002263823670512572,0.9999999593310811,1.0,2.7752170126880786,"1163   -0.000737
1109    0.001634
650    -0.005756
1022    0.000347
386     0.003476
1438    0.002443
614    -0.001453
Name: avg_peak_memory_usage, dtype: float64","[ 6.30626534 18.90633721  3.64690986 20.29170452  0.7675628  45.10887177
  9.03824421]","1163     6.305528
1109    18.907971
650      3.641154
1022    20.292052
386      0.771039
1438    45.111315
614      9.036791
Name: avg_peak_memory_usage, dtype: float64"
28,linear_regression,0.008790214288623541,0.00573530393730189,0.9999988417547397,1.0,2.7693588946390144,"1378   -0.000753
788     0.000204
410     0.018948
8       0.006942
1163   -0.000096
359     0.007469
Name: avg_peak_memory_usage, dtype: float64",[ 5.4145077   7.86166433  1.42812425  0.76402805  6.30562408 25.18720652],"1378     5.413754
788      7.861868
410      1.447072
8        0.770970
1163     6.305528
359     25.194675
Name: avg_peak_memory_usage, dtype: float64"
25,linear_regression,0.004000970291780856,0.003024230965254571,0.9999995954875106,1.0,2.774014352086904,"245    -0.007768
1384   -0.000538
1378   -0.003459
452     0.000727
1109    0.002629
Name: avg_peak_memory_usage, dtype: float64",[ 2.77493965 16.22771221  5.41721292 14.20779807 18.90534171],"245      2.767171
1384    16.227174
1378     5.413754
452     14.208525
1109    18.907971
Name: avg_peak_memory_usage, dtype: float64"
22,linear_regression,0.00475451679575624,0.003442496308564813,0.9999995580740593,1.0,2.773288062079166,"245    -0.009621
8      -0.001305
428    -0.004010
1384    0.000919
1206    0.001358
Name: avg_peak_memory_usage, dtype: float64",[ 2.77679219  0.77227497  9.48206518 16.22625516 18.9363784 ],"245      2.767171
8        0.770970
428      9.478056
1384    16.227174
1206    18.937737
Name: avg_peak_memory_usage, dtype: float64"
19,linear_regression,0.005868093590368658,0.004869935397523922,0.9999918893000771,1.0,2.7716097424608446,"245   -0.009976
782   -0.003165
866   -0.005182
8     -0.001156
Name: avg_peak_memory_usage, dtype: float64",[2.77714772 5.64375602 5.64608131 0.77212588],"245    2.767171
782    5.640591
866    5.640899
8      0.770970
Name: avg_peak_memory_usage, dtype: float64"
17,linear_regression,0.009068233920489796,0.008603888523514402,0.9999727122238325,1.0,2.767061390627723,"245   -0.011524
782   -0.005263
584   -0.011368
386   -0.006260
Name: avg_peak_memory_usage, dtype: float64",[2.77869579 5.6458541  2.76627307 0.7772985 ],"245    2.767171
782    5.640591
584    2.754905
386    0.771039
Name: avg_peak_memory_usage, dtype: float64"
15,linear_regression,0.0067610452383423374,0.005502927829416897,0.9999979131357165,1.0,2.770652448496977,"788   -0.000756
452    0.005378
245   -0.010375
Name: avg_peak_memory_usage, dtype: float64",[ 7.86262409 14.20314717  2.77754654],"788     7.861868
452    14.208525
245     2.767171
Name: avg_peak_memory_usage, dtype: float64"
13,linear_regression,0.007222396282401251,0.007169111215023172,0.9999976155020246,1.0,2.7691643043884295,"1450    0.007586
1109    0.007971
788     0.005951
Name: avg_peak_memory_usage, dtype: float64",[10.74499692 18.90000031  7.85591747],"1450    10.752583
1109    18.907971
788      7.861868
Name: avg_peak_memory_usage, dtype: float64"
11,linear_regression,0.01106175699017919,0.010091408054555698,0.9999887804660068,1.0,2.7648713576086426,"245    -0.016200
1450    0.008711
782    -0.005363
Name: avg_peak_memory_usage, dtype: float64",[ 2.7833717  10.74387202  5.64595413],"245      2.767171
1450    10.752583
782      5.640591
Name: avg_peak_memory_usage, dtype: float64"
