volume,peak_memory_usage_avg,peak_memory_usage_std_dev,peak_memory_usage_min,peak_memory_usage_max,execution_time_avg,execution_time_std_dev,execution_time_min,execution_time_max,n_samples,peak_memory_usage_cv,execution_time_cv,peak_memory_usage_unit,execution_time_unit
1000000,0.3255287170410156,0.0003666934172911665,0.32500457763671875,0.3259391784667969,0.798178243637085,0.05043598896228466,0.7656545639038086,0.8871243000030518,5,0.0011264548965889368,0.06318887963227529,gb,s
2000000,0.5484298706054688,0.00045742930962027205,0.5477294921875,0.5492477416992188,1.5388709545135497,0.0753870656991568,1.4534850120544434,1.6757128238677979,15,0.000834070742928842,0.04898855584871787,gb,s
3000000,0.7710512797037761,0.0003397922540797397,0.7705192565917969,0.77191162109375,2.265263891220093,0.16615595003483952,2.147242546081543,2.825214147567749,15,0.0004406869724803281,0.07334948951371238,gb,s
4000000,0.9958347320556641,0.0019192926340520179,0.993316650390625,0.9989395141601562,2.9948827664057416,0.10794306320128413,2.8526060581207275,3.218357801437378,30,0.0019273204400996283,0.03604250036499098,gb,s
5000000,1.2167160034179687,0.0002529406066511242,1.2163581848144531,1.2171783447265625,3.7018895626068113,0.10994979560616872,3.563922882080078,3.9084091186523438,15,0.00020788795901473283,0.029700992897460678,gb,s
6000000,1.4447753058539496,0.0036436618091914025,1.4392204284667969,1.4482460021972656,4.505408345328437,0.28828458544544117,4.254191637039185,6.102750778198242,45,0.002521957424402252,0.06398633893958966,gb,s
7000000,1.6623204549153645,0.0003134911577204751,1.6619224548339844,1.6627349853515625,5.272182925542196,0.39614698589766406,4.991117715835571,6.612800598144531,15,0.00018858647668895838,0.07513908213966684,gb,s
8000000,1.894349594116211,0.006613353910661779,1.8847694396972656,1.9056854248046875,5.970795254707337,0.2014970565915337,5.705497741699219,6.5989158153533936,50,0.003491094743653782,0.03374710536802861,gb,s
9000000,2.088959503173828,0.0004682879675695469,2.0882225036621094,2.089611053466797,6.704697036743164,0.16641317312611834,6.548908233642578,7.086197376251221,15,0.00022417283190892924,0.02482038669519872,gb,s
10000000,2.3076841990152994,0.0006555561515127629,2.306427001953125,2.309062957763672,7.490555389722188,0.22957889466952613,7.234407901763916,8.047550439834595,30,0.000284075330494741,0.030649115148995758,gb,s
12000000,2.755304921468099,0.0063213360310501645,2.7492027282714844,2.7674903869628906,8.97378212292989,0.3299155299071481,8.687994003295898,11.022834539413452,75,0.0022942419119557885,0.03676437932052584,gb,s
14000000,3.19180908203125,0.0004997957097563863,3.1907386779785156,3.1925010681152344,10.482230358123779,0.3360903181893516,10.125297546386719,11.062361478805542,25,0.00015658696899199215,0.03206286321773877,gb,s
15000000,3.4188648223876954,0.0003769632725195835,3.4180221557617188,3.41949462890625,11.195936346054078,0.42530604027426283,10.878252267837524,13.025810718536377,30,0.00011025977688591874,0.03798753647113747,gb,s
16000000,3.6416773478190105,0.010426923702865043,3.6325416564941406,3.6595077514648438,12.027793391545613,0.5310837774587253,11.639695882797241,15.503199100494385,60,0.0028632200788215618,0.04415471401695562,gb,s
18000000,4.091930135091146,0.012048899645562003,4.0825042724609375,4.109378814697266,13.698986132939657,1.5038946248828597,13.043853759765625,22.266826629638672,45,0.00294455165356669,0.10978145464843535,gb,s
20000000,4.5365793016221785,0.010276070864150057,4.528411865234375,4.551540374755859,14.906758022308349,0.5582080217277536,14.521904945373535,18.14221453666687,45,0.0022651584334645192,0.0374466413751656,gb,s
21000000,4.748230616251628,0.0005450688154507136,4.7472991943359375,4.749122619628906,15.775469422340393,0.8730518413338412,15.188807010650635,19.119664430618286,30,0.00011479409057873532,0.05534236845576658,gb,s
24000000,5.42969727289109,0.01671105476479134,5.413055419921875,5.452106475830078,18.06340390841166,0.9232689609117077,17.415547132492065,22.784724473953247,105,0.003077713899120087,0.05111267873945758,gb,s
25000000,5.640755462646484,0.00040479004587618006,5.639995574951172,5.641475677490234,18.817559814453126,1.124654553699762,18.127360582351685,21.679810762405396,15,7.176167244914814e-05,0.059766227119201355,gb,s
27000000,6.129019165039063,0.0003258117726662085,6.128696441650391,6.129512786865234,20.430414867401122,1.2917350459107555,19.819348573684692,22.74074149131775,5,5.3158876468308766e-05,0.0632260800524347,gb,s
28000000,6.315022193060981,0.014311969577904898,6.303840637207031,6.335807800292969,21.203713443544174,1.3207418316677406,20.257939338684082,26.714564085006714,45,0.0022663371782970223,0.06228823244495707,gb,s
30000000,6.772266387939453,0.02132391441532356,6.750095367431641,6.794773101806641,22.80563737551371,1.280315299231096,21.749550104141235,26.113651752471924,60,0.0031487117006056857,0.05614029891599362,gb,s
32000000,7.214426549275716,0.022107162845680685,7.192230224609375,7.244670867919922,24.61409587462743,1.4967675435127263,23.36448073387146,30.853817224502563,60,0.0030642993860544756,0.06080936513518728,gb,s
35000000,7.8618238830566405,0.0005623137227159244,7.8610382080078125,7.862907409667969,26.853554763793944,1.4313383126938903,25.315473318099976,29.12401580810547,25,7.152458908775496e-05,0.053301632699434345,gb,s
36000000,8.126488494873048,0.024349208861131788,8.08554458618164,8.149250030517578,27.528488091627757,1.6996776227274424,26.08036470413208,31.958640336990356,60,0.002996276789968208,0.061742498064917904,gb,s
40000000,9.004904556274415,0.03195153952706508,8.97269058227539,9.037330627441406,30.97884714603424,2.10360918075654,29.11082696914673,38.31147265434265,60,0.0035482374440939483,0.06790469544719109,gb,s
42000000,9.448451042175293,0.029608688410393814,9.4188232421875,9.478809356689453,32.21300808986028,1.7463743604795445,30.509828567504883,37.537304401397705,60,0.0031337081896523305,0.054213327597594105,gb,s
45000000,10.168496958414714,0.000271230328015088,10.168109893798828,10.16909408569336,34.959292872746786,1.5345193282689202,32.9110221862793,37.62555551528931,15,2.6673590907713982e-05,0.04389446130545693,gb,s
48000000,10.807056535993304,0.035437051188256484,10.752124786376953,10.847114562988281,37.43356495357695,1.6137449959738617,35.14597225189209,41.26201272010803,105,0.003279065957528034,0.04310957286529187,gb,s
49000000,10.976145172119141,0.0002861226392506313,10.975860595703125,10.976432800292969,37.84272174835205,0.609678490935256,37.54214787483215,38.931607246398926,5,2.6067679933518064e-05,0.016110852041497408,gb,s
50000000,11.279021962483723,0.000674499791684129,11.278068542480469,11.280174255371094,39.190994548797605,1.1159208313575106,38.44628691673279,42.6926486492157,15,5.9801265918946685e-05,0.028473909483671102,gb,s
54000000,12.188280232747395,0.00023020799125430286,12.187942504882812,12.1888427734375,42.162518405914305,1.0332357980485591,41.42702054977417,45.1945915222168,15,1.8887651650458567e-05,0.024506026611152882,gb,s
56000000,12.581124877929687,0.04442466873561446,12.532615661621094,12.622364044189453,43.663362728465685,1.1440211643602791,41.03994965553284,47.520630836486816,55,0.003531056973573642,0.026200940396522675,gb,s
60000000,13.53245169321696,0.01065179974659382,13.521247863769531,13.543991088867188,46.894040898482004,1.3872903734661046,45.81735873222351,52.77716398239136,60,0.0007871300772448318,0.029583510972521293,gb,s
63000000,14.208272171020507,0.0003389291673797981,14.20767593383789,14.208770751953125,48.82869274616242,1.1235953211641838,48.02425289154053,51.25726246833801,10,2.3854354934943123e-05,0.023010964618799677,gb,s
64000000,14.38719482421875,0.050428183488106064,14.311786651611328,14.448421478271484,50.1428702878952,1.1658419656600674,48.936389684677124,55.02718687057495,50,0.0035050740678938715,0.023250403476434194,gb,s
70000000,15.764422607421874,0.0006506781075348963,15.763664245605469,15.765567779541016,53.990535175800325,0.9745317364536845,53.10489082336426,56.9267041683197,20,4.1275099236971587e-05,0.018050047721892,gb,s
72000000,16.230865160624187,0.010955669894468481,16.2135009765625,16.24102020263672,56.01410947640737,1.392149024997662,54.857951164245605,60.64747405052185,60,0.0006749898903138422,0.024853542045223845,gb,s
75000000,16.917697397867837,0.0005186061875462689,16.916973114013672,16.91870880126953,57.70906297365824,1.2371216685411544,56.9375536441803,60.890384912490845,15,3.065465561593681e-05,0.02143721635379608,gb,s
80000000,18.021485137939454,0.020184792145472977,18.006946563720703,18.05046844482422,62.461649613910254,2.673443755183223,61.02800107002258,76.56722664833069,45,0.001120040440117738,0.04280136326383294,gb,s
84000000,18.922844314575194,0.015058744701148458,18.907485961914062,18.93852996826172,65.16724529663722,1.8995999304891011,63.521872997283936,72.91301798820496,60,0.0007957971037974223,0.02914961222992074,gb,s
90000000,20.292506663004556,0.0006795042171267702,20.291126251220703,20.293434143066406,70.21867132981619,3.126529780758919,67.98512077331543,80.76219916343689,30,3.348547463412099e-05,0.044525618636012766,gb,s
96000000,21.624818267822267,0.02076427113876652,21.599597930908203,21.65267562866211,74.70730568567912,2.15672935757454,73.0097165107727,82.44093179702759,75,0.0009602055786828858,0.028869055546571137,gb,s
98000000,22.050885264078776,0.0006674310444517471,22.049968719482422,22.051807403564453,77.8148450533549,6.0781310678981795,73.93390464782715,95.27150583267212,15,3.0267766416571144e-05,0.07811017375579966,gb,s
100000000,22.556123860677083,0.0007397602878190373,22.554828643798828,22.557415008544922,76.68464708328247,1.4695372561532973,75.59364652633667,79.66486954689026,15,3.279642780773555e-05,0.01916338292014728,gb,s
105000000,23.66740303039551,0.00037663407143284845,23.666805267333984,23.667949676513672,80.73010563850403,2.7497506068801782,78.11682271957397,89.92339158058167,30,1.591362055858625e-05,0.03406103070387525,gb,s
108000000,24.344456481933594,0.0006480467047753375,24.343769073486328,24.345687866210938,82.70799237887064,1.641683299026263,81.77941584587097,88.17962694168091,15,2.661988799200603e-05,0.019849149420844397,gb,s
112000000,25.214300367567276,0.02811229194970183,25.194393157958984,25.254314422607422,86.37144817246332,1.7381620677701763,84.77258682250977,91.78586745262146,45,0.0011149344435454648,0.020124266809785088,gb,s
120000000,27.05257600148519,0.010961218052995018,27.040550231933594,27.06402587890625,92.2025578935941,2.1019301466369664,90.51567077636719,98.4956407546997,60,0.00040518204448970947,0.022796874562446393,gb,s
125000000,28.195068359375,0.0002971181477677568,28.194602966308594,28.195301055908203,94.92766103744506,1.7847548816192251,94.07812261581421,98.11914348602295,5,1.0537947416217687e-05,0.018801209911989854,gb,s
126000000,28.39695930480957,0.0004176986889987546,28.396484375,28.39789581298828,96.39160470962524,1.9310387830575024,94.78547215461731,100.70392155647278,30,1.4709275190883177e-05,0.020033267304498743,gb,s
128000000,28.821652603149413,0.034539454901292205,28.786861419677734,28.85704803466797,98.84500151475271,1.7101255835979896,97.32128810882568,103.5780086517334,30,0.0011983856504299824,0.017301083083525997,gb,s
140000000,31.569822998046874,0.000586875522319298,31.569000244140625,31.57076644897461,107.21018478393555,2.6724088095938505,104.86404085159302,113.97406697273254,25,1.8589762836351857e-05,0.0249268184266229,gb,s
144000000,32.45777553982205,0.012131708940003592,32.44890594482422,32.475425720214844,111.11454909112719,4.276431952906506,108.7418577671051,133.72540378570557,45,0.00037376895792255835,0.03848669672771044,gb,s
147000000,33.12679799397787,0.0005038076298010324,33.1258544921875,33.127403259277344,111.81978096961976,2.908468000666567,108.16263818740845,119.11160683631897,15,1.5208461436345879e-05,0.02601031745408951,gb,s
150000000,33.833683013916016,0.0006239150333926325,33.8330078125,33.834781646728516,114.30482934316,2.2085565638359412,112.73043823242188,119.53336310386658,15,1.8440647834172e-05,0.01932163825909339,gb,s
160000000,36.07714157104492,0.00015217099293813298,36.076995849609375,36.077720642089844,122.80126714706421,3.1438697744894157,120.07362008094788,136.1443431377411,30,4.2179337472862205e-06,0.025601281220692808,gb,s
168000000,37.86979120427912,0.015099080256196839,37.85531997680664,37.88689041137695,128.23251983035695,2.4133025820758665,125.99579238891602,135.81391167640686,55,0.00039871041735478884,0.018819739214892637,gb,s
175000000,39.47318305969238,9.465182224580745e-05,39.473106384277344,39.47343063354492,131.89642469882966,1.3865819608300343,130.7054958343506,134.62090969085693,10,2.3978766065729356e-06,0.01051265767056336,gb,s
180000000,40.605255381266275,0.0001455414791922011,40.605133056640625,40.60567092895508,136.7943519115448,2.2613010926118173,135.34623193740845,143.3307511806488,15,3.5843015350015114e-06,0.016530661251818644,gb,s
192000000,43.28619350857205,0.01594621291843562,43.26355743408203,43.2984504699707,147.06238276693557,2.6968338427421013,145.1272976398468,157.36665034294128,45,0.00036839027934571704,0.018338026298785344,gb,s
196000000,44.20263557434082,0.00016796271811766688,44.20248031616211,44.20296096801758,149.3239595413208,3.8973644601630917,146.72171568870544,159.6639838218689,10,3.7998349178791397e-06,0.02610006104937645,gb,s
200000000,45.110982259114586,0.0006033111003571053,45.11006164550781,45.111907958984375,152.55287583669028,2.8650848249568024,150.566504240036,159.9393970966339,15,1.3373929587516518e-05,0.018780929623535322,gb,s
210000000,47.37530644734701,0.0005139012683139529,47.3744010925293,47.37595748901367,159.3321709950765,3.3410560371735474,157.0168969631195,168.23056197166443,30,1.0847450008267567e-05,0.020969123914572087,gb,s
216000000,48.73409805297852,0.0006324959028461986,48.73319625854492,48.73493957519531,163.59486083984376,2.0659565870816445,162.29095792770386,167.14877080917358,5,1.2978508438970522e-05,0.012628493196398,gb,s
224000000,50.51937713623047,0.00010794521821021603,50.51927185058594,50.519866943359375,171.61437629063923,3.509085283805573,166.65726685523987,180.00470614433289,30,2.13670920603655e-06,0.02044750189146582,gb,s
240000000,54.14553108215332,0.000547064948375552,54.1442756652832,54.146575927734375,182.7327334801356,2.820741188702515,180.50805735588074,190.68717741966248,30,1.0103602964859787e-05,0.015436430764109103,gb,s
245000000,55.27812805175781,0.0005991830096517155,55.27714538574219,55.27908706665039,184.62150853474935,2.145994457151477,182.99091029167175,189.04870462417603,15,1.0839422946643393e-05,0.01162375106878492,gb,s
252000000,56.86431999206543,0.0006366826366464879,56.86334991455078,56.86514663696289,191.046537065506,2.382254523466307,189.0390498638153,195.94406843185425,10,1.1196522472005775e-05,0.012469498584261069,gb,s
256000000,57.739017486572266,0.0002695895049625207,57.738826751708984,57.73965072631836,198.19481525421142,2.8637216678171016,196.05008268356323,204.33226323127747,15,4.6691044755864815e-06,0.014449024128829983,gb,s
280000000,63.18053466796875,0.0003459054793337636,63.180110931396484,63.18095779418945,211.9602426433563,2.2429760776807766,209.82837104797363,217.40196657180786,25,5.47487420218257e-06,0.010582060341640586,gb,s
288000000,64.99413299560547,0.000343455939722435,64.99361038208008,64.99471664428711,219.07714144388834,3.0079639108924834,216.77880597114563,227.45943188667297,15,5.284414513932473e-06,0.013730158660404584,gb,s
294000000,66.35305862426758,0.0005411070344015272,66.35259628295898,66.35416030883789,222.0040892839432,3.0185362042976167,219.93479347229004,229.17436265945435,10,8.154967466769134e-06,0.013596759474267655,gb,s
320000000,72.21499201456706,0.0006850995214484271,72.2140998840332,72.2159309387207,245.23860977490742,3.714721761642007,241.5731909275055,254.15619826316833,15,9.486943117160911e-06,0.015147377344259003,gb,s
336000000,75.84223709106445,0.0006238509994838409,75.84127044677734,75.84342193603516,255.3350400129954,3.3009788436484353,252.37946438789368,263.9000256061554,30,8.225640796101221e-06,0.012928029163096575,gb,s
384000000,86.69164530436198,0.00010091367036403275,86.69153594970703,86.69186401367188,294.92114372253417,4.529236132882023,290.8010368347168,306.5803737640381,15,1.1640530066044918e-06,0.015357448013775471,gb,s
392000000,88.50488891601563,0.00019631956381834745,88.50463485717773,88.50511932373047,296.99660716056826,3.123240944830303,294.09419894218445,304.5097584724426,15,2.21817761959613e-06,0.010516082909801572,gb,s
448000000,101.16632995605468,0.00022400612855122602,101.16609573364258,101.1668930053711,344.15391421318054,4.582562854513018,337.85331559181213,354.36939430236816,15,2.2142359878877817e-06,0.013315445982911076,gb,s
512000000,115.6418670654297,0.00045740272278902317,115.64113235473633,115.64225006103516,402.3044791698456,4.148549907219844,398.79160261154175,409.4858922958374,5,3.955338446154856e-06,0.010311965493847764,gb,s
