inlines,xlines,samples,chunking_mode,avg_exec_time_sec,median_exec_time_sec,avg_total_peak_memory_bytes,median_total_peak_memory_bytes,total_runs,oom_count,oom_ratio
100,100,100,auto,4.331307848294576,4.315310716629028,777741994.6666666,620638208.0,12,0,0.0
100,100,100,evenly_split,4.232829491297404,4.07026731967926,748235093.3333334,621641728.0,12,0,0.0
100,100,100,memaware,4.245485385258992,4.179224491119385,739922944.0,607033344.0,12,0,0.0
100,100,200,auto,6.056466738382976,6.165483236312866,1064826880.0,934803456.0,12,0,0.0
100,100,200,evenly_split,5.991369545459747,5.984924077987671,1066231466.6666666,939706368.0,12,0,0.0
100,100,200,memaware,8.222956637541452,7.649605751037598,1021413717.3333334,944539648.0,12,0,0.0
100,100,300,auto,7.714382290840149,7.524937152862549,1345442816.0,1237131264.0,12,0,0.0
100,100,300,evenly_split,7.678841869036357,7.720924377441406,1341007189.3333333,1220972544.0,12,0,0.0
100,100,300,memaware,11.934365193049112,11.829619884490967,1153541802.6666667,1015429120.0,12,0,0.0
100,100,400,auto,9.818128168582916,9.787028074264526,1617792682.6666667,1529880576.0,12,0,0.0
100,100,400,evenly_split,9.129683335622152,9.003828048706055,1621682858.6666667,1537310720.0,12,0,0.0
100,100,400,memaware,15.3012136220932,15.430217742919922,1324214613.3333333,1232472064.0,12,0,0.0
100,200,100,auto,5.923880159854889,6.064352750778198,1064044885.3333334,955181056.0,12,0,0.0
100,200,100,evenly_split,5.884785036245982,6.01590359210968,1061023744.0,946370560.0,12,0,0.0
100,200,100,memaware,7.975009898344676,7.698182106018066,1024312320.0,946612224.0,12,0,0.0
100,200,200,auto,9.031984806060791,8.644248962402344,1608352085.3333333,1535266816.0,12,0,0.0
100,200,200,evenly_split,9.112682362397512,8.906534194946289,1614668117.3333333,1491752960.0,12,0,0.0
100,200,200,memaware,15.679958661397299,14.994549632072449,1283060736.0,1138135040.0,12,0,0.0
100,200,300,auto,13.17921773592631,12.598539471626282,2179121834.6666665,2095937536.0,12,0,0.0
100,200,300,evenly_split,12.121074775854746,11.731359958648682,2152643925.3333335,2082379776.0,12,0,0.0
100,200,300,memaware,22.783198416233063,22.335359692573547,1577287338.6666667,1387610112.0,12,0,0.0
100,200,400,auto,15.88917644818624,15.758277654647827,2425562453.3333335,2365575168.0,10,1,0.1
100,200,400,evenly_split,15.42034059100681,15.654978275299072,2482329372.4444447,2392342528.0,10,1,0.1
100,200,400,memaware,29.489206612110138,29.848923206329346,1758212096.0,1468592128.0,12,0,0.0
100,300,100,auto,7.441562910874684,7.582866311073303,1333270528.0,1225439232.0,12,0,0.0
100,300,100,evenly_split,7.669863680998485,7.615785360336304,1351217834.6666667,1262733312.0,12,0,0.0
100,300,100,memaware,11.534039795398712,11.318126201629639,1173638826.6666667,1062574080.0,12,0,0.0
100,300,200,auto,12.340222219626108,12.144222974777222,2138371072.0,1998448640.0,12,0,0.0
100,300,200,evenly_split,12.60960872968038,12.46609890460968,2150781269.3333335,2011484160.0,12,0,0.0
100,300,200,memaware,22.299799780050915,21.90962827205658,1547515221.3333333,1410037760.0,12,0,0.0
100,300,300,auto,16.626887983746,17.28586220741272,2722512896.0,2723520512.0,10,1,0.1
100,300,300,evenly_split,17.111829174889458,16.92272973060608,2750012074.6666665,2759057408.0,10,1,0.1
100,300,300,memaware,33.95528735717138,33.008511543273926,1797452458.6666667,1555326976.0,12,0,0.0
100,300,400,auto,21.7462068133884,21.9654438495636,3535147463.111111,3441844224.0,10,1,0.1
100,300,400,evenly_split,22.037324984868366,21.67070269584656,3524390912.0,3428790272.0,10,1,0.1
100,300,400,memaware,44.53136267264684,43.226377844810486,1935545685.3333333,1645414400.0,12,0,0.0
100,400,100,auto,8.874705175558725,8.72733736038208,1606225237.3333333,1493643264.0,12,0,0.0
100,400,100,evenly_split,9.143971224625906,9.182832956314087,1601618602.6666667,1493307392.0,12,0,0.0
100,400,100,memaware,16.10997486114502,15.797762870788574,1330912256.0,1191221248.0,12,0,0.0
100,400,200,auto,15.298230250676474,15.383015155792236,2428102428.4444447,2362228736.0,10,1,0.1
100,400,200,evenly_split,15.101774295171102,14.515068292617798,2467894613.3333335,2377789440.0,10,1,0.1
100,400,200,memaware,30.990077992280323,30.36484181880951,1764001109.3333333,1506422784.0,12,0,0.0
100,400,300,auto,21.5783797899882,21.339829206466675,3505755477.3333335,3415412736.0,10,1,0.1
100,400,300,evenly_split,21.432724502351547,21.748616218566895,3511359260.4444447,3426996224.0,10,1,0.1
100,400,300,memaware,44.67211788892746,45.716628432273865,1927136938.6666667,1649248256.0,12,0,0.0
100,400,400,auto,26.00301718711853,26.101343631744385,4439584085.333333,4394186752.0,8,2,0.25
100,400,400,evenly_split,26.92139224211375,26.972310066223145,4402824533.333333,4405725184.0,8,2,0.25
100,400,400,memaware,57.737172623475395,55.57155358791351,2068110336.0,1794646016.0,12,0,0.0
200,100,100,auto,5.702859699726105,5.507253646850586,1054902613.3333334,936792064.0,12,0,0.0
200,100,100,evenly_split,6.060875078042348,6.145858287811279,1061881856.0,954941440.0,12,0,0.0
200,100,100,memaware,8.263770282268524,8.147919297218323,1026707797.3333334,956022784.0,12,0,0.0
200,100,200,auto,9.470781564712524,9.204006791114807,1596109482.6666667,1484019712.0,12,0,0.0
200,100,200,evenly_split,9.439506530761719,8.97681176662445,1616727040.0,1477564416.0,12,0,0.0
200,100,200,memaware,15.585785269737244,15.492220878601074,1311712938.6666667,1192577024.0,12,0,0.0
200,100,300,auto,13.287922342618307,12.507436156272888,2148200448.0,2073335808.0,12,0,0.0
200,100,300,evenly_split,13.420442382494608,12.489005923271177,2153294165.3333335,2067642368.0,12,0,0.0
200,100,300,memaware,23.088449895381927,22.503851175308228,1589220693.3333333,1414168576.0,12,0,0.0
200,100,400,auto,15.724661111831665,15.573498010635376,2445967815.111111,2398269440.0,10,1,0.1
200,100,400,evenly_split,15.485181331634521,15.361727476119995,2432893383.111111,2366779392.0,10,1,0.1
200,100,400,memaware,31.4062247077624,30.864291548728943,1773897386.6666667,1473810432.0,12,0,0.0
200,200,100,auto,9.513276040554047,9.270525693893433,1618435754.6666667,1515536384.0,12,0,0.0
200,200,100,evenly_split,9.220139682292938,9.23408567905426,1612911957.3333333,1512110080.0,12,0,0.0
200,200,100,memaware,15.376355310281118,15.248952269554138,1349280768.0,1209622528.0,12,0,0.0
200,200,200,auto,15.623854133817884,15.691225051879885,2449864476.4444447,2375876608.0,10,1,0.1
200,200,200,evenly_split,15.454696416854858,15.566324472427368,2439171185.7777777,2400497664.0,10,1,0.1
200,200,200,memaware,20.621906300385792,15.728712916374207,2689076224.0,2638090240.0,12,0,0.0
200,200,300,auto,21.500426451365154,20.65286755561829,3524482389.3333335,3444506624.0,10,1,0.1
200,200,300,evenly_split,21.677962991926407,21.595486640930176,3499142712.888889,3462422528.0,10,1,0.1
200,200,300,memaware,43.90569315354029,41.360947012901306,1956706304.0,1701478400.0,12,0,0.0
200,200,400,auto,26.36498749256134,26.240177631378174,4474737322.666667,4415096832.0,8,2,0.25
200,200,400,evenly_split,26.492785294850666,26.32318902015686,4458941781.333333,4419747840.0,8,2,0.25
200,200,400,memaware,41.62268481651942,33.12186789512634,3885303125.3333335,3782543360.0,12,0,0.0
200,300,100,auto,12.80485870440801,12.352717757225037,2141627050.6666667,2010044416.0,12,0,0.0
200,300,100,evenly_split,12.546839714050293,12.549607992172241,2137045674.6666667,2056110080.0,12,0,0.0
200,300,100,memaware,22.872652570406597,23.969305992126465,1576253098.6666667,1411403776.0,12,0,0.0
200,300,200,auto,21.218581014209324,20.56025338172913,3537971882.6666665,3425832960.0,10,1,0.1
200,300,200,evenly_split,20.94606026013692,19.91962194442749,3484198229.3333335,3429330944.0,10,1,0.1
200,300,200,memaware,44.14988579352697,41.74523413181305,1944143872.0,1671507968.0,12,0,0.0
200,300,300,auto,29.356024622917175,28.573542833328247,4937558016.0,4934092800.0,8,2,0.25
200,300,300,evenly_split,28.47207474708557,28.320544481277466,4943899989.333333,4940883968.0,8,2,0.25
200,300,300,memaware,63.046046237150826,60.49848425388336,2165155498.6666665,1881589760.0,12,0,0.0
200,300,400,auto,37.871198217074074,38.17567002773285,6526444202.666667,6527315968.0,8,2,0.25
200,300,400,evenly_split,37.89193367958069,38.30905556678772,6516533248.0,6509197312.0,8,2,0.25
200,300,400,memaware,81.90068326393764,75.63458943367004,2374986752.0,2092261376.0,12,0,0.0
200,400,100,auto,15.438433541191948,15.124610185623167,2487798442.6666665,2504179712.0,10,1,0.1
200,400,100,evenly_split,15.342851029502022,15.463001251220703,2460002986.6666665,2380357632.0,10,1,0.1
200,400,100,memaware,29.83862356344859,29.167927861213684,1773636266.6666667,1491283968.0,12,0,0.0
200,400,200,auto,26.121376196543377,25.766858220100403,4420669440.0,4425385984.0,8,2,0.25
200,400,200,evenly_split,25.764056007067364,25.470539331436157,4468072448.0,4416798720.0,8,2,0.25
200,400,200,memaware,42.108289659023285,32.68794631958008,3882917546.6666665,3721621504.0,12,0,0.0
200,400,300,auto,38.13460890452067,37.902498722076416,6526041429.333333,6519523328.0,8,2,0.25
200,400,300,evenly_split,37.39245061079661,37.757736563682556,6513629866.666667,6508752896.0,8,2,0.25
200,400,300,memaware,80.76453516880672,79.11389303207397,2369959594.6666665,2080165888.0,12,0,0.0
200,400,400,auto,47.98288083076477,47.58932685852051,8548917248.0,8554196992.0,6,3,0.5
200,400,400,evenly_split,47.61222577095032,47.05022168159485,8551066282.666667,8544759808.0,6,3,0.5
200,400,400,memaware,80.31063489119212,61.90445566177368,5365272576.0,4804227072.0,12,0,0.0
300,100,100,auto,8.012104352315268,7.92180860042572,1335263232.0,1251878912.0,12,0,0.0
300,100,100,evenly_split,7.903424580891927,7.831461787223816,1349365760.0,1251088384.0,12,0,0.0
300,100,100,memaware,11.638291358947754,11.581876039505005,1153875626.6666667,1031411712.0,12,0,0.0
300,100,200,auto,13.277159770329794,12.669800877571106,2139340117.3333333,1996922880.0,12,0,0.0
300,100,200,evenly_split,13.364992578824362,12.531522154808044,2131033770.6666667,2000941056.0,12,0,0.0
300,100,200,memaware,23.887938777605694,23.60481321811676,1581378560.0,1432252416.0,12,0,0.0
300,100,300,auto,16.985932641559177,16.542197465896606,2709290097.7777777,2638897152.0,10,1,0.1
300,100,300,evenly_split,16.80333481894599,16.81574296951294,2693430385.7777777,2650214400.0,10,1,0.1
300,100,300,memaware,34.48811159531275,34.19132089614868,1801278464.0,1498206208.0,12,0,0.0
300,100,400,auto,22.33800522486369,22.553545236587524,3505415054.2222223,3445252096.0,10,1,0.1
300,100,400,evenly_split,21.17255375120375,20.86437511444092,3497704106.6666665,3423039488.0,10,1,0.1
300,100,400,memaware,43.470178147157036,41.624117732048035,1915204266.6666667,1635579904.0,12,0,0.0
300,200,100,auto,13.439084649085999,12.658292770385742,2151605589.3333335,2008346624.0,12,0,0.0
300,200,100,evenly_split,13.036190112431845,12.349714636802673,2149103274.6666665,2053330944.0,12,0,0.0
300,200,100,memaware,22.80045062303543,23.626465916633606,1572980053.3333333,1393766400.0,12,0,0.0
300,200,200,auto,21.940524207221138,21.779075860977173,3532067726.2222223,3578798080.0,10,1,0.1
300,200,200,evenly_split,21.75331038898892,20.610860347747803,3546708650.6666665,3526635520.0,10,1,0.1
300,200,200,memaware,44.747318943341575,43.2635418176651,1937153024.0,1670875136.0,12,0,0.0
300,200,300,auto,29.264573057492573,28.993603348731995,4955328512.0,4946481152.0,8,2,0.25
300,200,300,evenly_split,29.640668312708538,29.087963581085205,4945464661.333333,4955148288.0,8,2,0.25
300,200,300,memaware,64.55888436237971,62.30945682525635,2148686848.0,1877618688.0,12,0,0.0
300,200,400,auto,38.14085157712301,37.83597528934479,6525822976.0,6520346624.0,8,2,0.25
300,200,400,evenly_split,37.43254013856252,37.52521014213562,6531248810.666667,6533445632.0,8,2,0.25
300,200,400,memaware,83.43491880098979,80.51645684242249,2356356096.0,2094901248.0,12,0,0.0
300,300,100,auto,16.149675581190323,15.971866369247437,2682284259.5555553,2618691584.0,10,1,0.1
300,300,100,evenly_split,16.598352856106228,16.94872546195984,2707077347.5555553,2632888320.0,10,1,0.1
300,300,100,memaware,33.95883584022522,32.579275488853455,1792529408.0,1523445760.0,12,0,0.0
300,300,200,auto,28.67186188697815,28.749266624450684,4938942464.0,4950118400.0,8,2,0.25
300,300,200,evenly_split,28.48072103659312,28.487240195274353,4940183552.0,4941744128.0,8,2,0.25
300,300,200,memaware,61.94621572891871,57.43096888065338,2154468010.6666665,1890648064.0,12,0,0.0
300,300,300,auto,42.239193081855774,42.645368337631226,7322600789.333333,7319996416.0,8,2,0.25
300,300,300,evenly_split,41.98642746607462,41.55529427528381,7311893162.666667,7306192896.0,8,2,0.25
300,300,300,memaware,57.985510408878326,54.41248977184296,7011537237.333333,7335426048.0,12,0,0.0
300,300,400,auto,56.367676655451454,53.67425894737244,9018525013.333334,9014009856.0,6,3,0.5
300,300,400,evenly_split,54.806274016698204,54.79502892494202,8986947584.0,8986103808.0,6,3,0.5
300,300,400,memaware,119.86128679911296,116.30090582370758,2816364202.6666665,2487638016.0,12,0,0.0
300,400,100,auto,21.84976053237915,21.150006532669067,3522437120.0,3429969920.0,10,1,0.1
300,400,100,evenly_split,21.02830531862047,19.954827547073364,3508853418.6666665,3412594688.0,10,1,0.1
300,400,100,memaware,43.45467201868693,39.582958698272705,1905935360.0,1628346368.0,12,0,0.0
300,400,200,auto,38.53457796573639,38.92414438724518,6601401002.666667,6544832512.0,8,2,0.25
300,400,200,evenly_split,37.51588821411133,37.373204588890076,6530867200.0,6531481600.0,8,2,0.25
300,400,200,memaware,81.51531910896301,79.49491846561432,2370308778.6666665,2072969216.0,12,0,0.0
300,400,300,auto,55.19798421859741,55.06816625595093,9022552746.666666,9019060224.0,6,3,0.5
300,400,300,evenly_split,55.07661096254984,55.08239793777466,9011370666.666666,9012453376.0,6,3,0.5
300,400,300,memaware,122.03951954841614,111.271763920784,2825487701.3333335,2518052864.0,12,0,0.0
300,400,400,auto,73.77755363782246,73.45936560630798,9406641493.333334,9394110464.0,6,3,0.5
300,400,400,evenly_split,75.22477507591248,75.16555619239807,9428378965.333334,9428135936.0,6,3,0.5
300,400,400,memaware,158.95033568143845,146.59430599212646,3378330624.0,3065972736.0,12,0,0.0
400,100,100,auto,9.906117419401804,9.667651057243345,1617619968.0,1515960320.0,12,0,0.0
400,100,100,evenly_split,9.53596039613088,9.513131618499756,1598855850.6666667,1471653888.0,12,0,0.0
400,100,100,memaware,15.363945861657461,15.57495629787445,1355117568.0,1298089984.0,12,0,0.0
400,100,200,auto,15.289580424626669,15.315485715866089,2432806001.7777777,2369421312.0,10,1,0.1
400,100,200,evenly_split,15.508313390943739,15.685078859329224,2431779271.111111,2385944576.0,10,1,0.1
400,100,200,memaware,31.400627473990124,31.01326096057892,1731595946.6666667,1488074752.0,12,0,0.0
400,100,300,auto,22.416875892215305,22.93995213508606,3614304938.6666665,3668623360.0,10,1,0.1
400,100,300,evenly_split,21.123000171449448,20.32679557800293,3508029667.5555553,3428429824.0,10,1,0.1
400,100,300,memaware,42.88136154413223,41.37120223045349,1934795776.0,1675165696.0,12,0,0.0
400,100,400,auto,27.109091838200886,27.143973350524902,4395631274.666667,4399853568.0,8,2,0.25
400,100,400,evenly_split,26.574622829755146,26.139240622520447,4386749098.666667,4388763648.0,8,2,0.25
400,100,400,memaware,55.7669645746549,51.48311996459961,2067436544.0,1788563456.0,12,0,0.0
400,200,100,auto,15.03744093577067,14.744849681854248,2431932643.5555553,2396274688.0,10,1,0.1
400,200,100,evenly_split,15.011253939734566,14.59077501296997,2433230620.4444447,2370162688.0,10,1,0.1
400,200,100,memaware,31.241823931535084,30.967841863632202,1730152448.0,1388138496.0,12,0,0.0
400,200,200,auto,26.572713971138,26.521864771842957,4416154282.666667,4421382144.0,8,2,0.25
400,200,200,evenly_split,26.163885235786438,26.048773169517517,4407272106.666667,4408457216.0,8,2,0.25
400,200,200,memaware,41.471327563126884,32.5064662694931,3888384341.3333335,3802957824.0,12,0,0.0
400,200,300,auto,37.962787667910256,38.34832942485809,6518735530.666667,6530412544.0,8,2,0.25
400,200,300,evenly_split,38.12506918112437,38.42540633678436,6518093824.0,6516058112.0,8,2,0.25
400,200,300,memaware,83.67483713229497,80.28525924682617,2387358720.0,2103050240.0,12,0,0.0
400,200,400,auto,47.866619189580284,47.861401319503784,8564094293.333333,8566312960.0,6,3,0.5
400,200,400,evenly_split,47.87012767791748,47.47691512107849,8562365781.333333,8556822528.0,6,3,0.5
400,200,400,memaware,77.82642479737599,58.311206340789795,5204962986.666667,4791937024.0,12,0,0.0
400,300,100,auto,21.433231221305,20.666501760482788,3545377905.7777777,3558842368.0,10,1,0.1
400,300,100,evenly_split,21.172684907913208,20.29620933532715,3539826005.3333335,3422117888.0,10,1,0.1
400,300,100,memaware,43.995946407318115,41.82094371318817,1910043648.0,1619331072.0,12,0,0.0
400,300,200,auto,38.11722191174825,38.819536566734314,6529738752.0,6523535360.0,8,2,0.25
400,300,200,evenly_split,37.533151944478355,37.466731786727905,6530961408.0,6529966080.0,8,2,0.25
400,300,200,memaware,83.13847982883453,79.60224676132202,2381525674.6666665,2096193536.0,12,0,0.0
400,300,300,auto,54.63835072517395,54.57192540168762,9029596501.333334,9029971968.0,6,3,0.5
400,300,300,evenly_split,54.66464392344157,54.68721532821655,9004359680.0,9003839488.0,6,3,0.5
400,300,300,memaware,120.7251027226448,115.83870577812195,2831242581.3333335,2567952384.0,12,0,0.0
400,300,400,auto,74.97966122627258,75.2844934463501,9411831125.333334,9406062592.0,6,3,0.5
400,300,400,evenly_split,73.66272560755412,73.12861776351929,9402695680.0,9406464000.0,6,3,0.5
400,300,400,memaware,156.72757399082184,146.79241287708282,3315041621.3333335,3019505664.0,12,0,0.0
400,400,100,auto,26.08196024099986,25.628293871879578,4384977578.666667,4390875136.0,8,2,0.25
400,400,100,evenly_split,26.304625670115154,26.532211899757385,4451992917.333333,4402700288.0,8,2,0.25
400,400,100,memaware,57.49273979663849,55.615896105766296,2062725802.6666667,1801480192.0,12,0,0.0
400,400,200,auto,48.196019649505615,47.582260608673096,8541896704.0,8538562560.0,6,3,0.5
400,400,200,evenly_split,46.59489949544271,46.50907778739929,8555312469.333333,8549990400.0,6,3,0.5
400,400,200,memaware,80.6783762772878,61.96675634384155,5261798400.0,4788484096.0,12,0,0.0
400,400,300,auto,75.81420008341472,74.82256126403809,9415495680.0,9414672384.0,6,3,0.5
400,400,300,evenly_split,73.57522622744243,73.40919017791748,9396255402.666666,9390194688.0,6,3,0.5
400,400,300,memaware,157.5326867500941,147.3566004037857,3350253568.0,2997207040.0,12,0,0.0
400,400,400,auto,101.01501321792603,99.4770655632019,10744112469.333334,10750930944.0,6,3,0.5
400,400,400,evenly_split,100.62625519434611,99.40638279914856,10706875733.333334,10708414464.0,6,3,0.5
400,400,400,memaware,154.55907547473907,115.88964068889618,6987817984.0,6293712896.0,12,0,0.0
