,avg_peak_memory_usage
961,0.1519561767578125
988,0.2860557556152344
520,0.9116615295410156
817,0.21872329711914062
1458,1.537762451171875
547,1.2024131774902345
805,0.4797187805175781
1054,1.5377685546875
352,0.7330848693847656
1173,0.5245834350585937
997,0.5541847229003907
1344,0.46488113403320314
1311,1.3589248657226562
1066,1.00123291015625
259,0.4200653076171875
1294,1.9324325561523437
226,0.22623138427734374
1332,0.22636947631835938
46,0.22635345458984374
631,0.37521896362304685
541,0.8893989562988281
1183,0.5246871948242188
58,0.19635009765625
1482,1.7760795593261718
1021,0.7778923034667968
169,0.16657485961914062
835,0.8894683837890625
1434,1.2993492126464843
1286,0.8373649597167969
463,0.3752754211425781
76,0.16650314331054689
796,0.25618515014648435
127,0.24099502563476563
937,0.40506439208984374
1226,0.7330108642578125
1347,0.5246101379394531
853,0.8523384094238281
379,0.9415977478027344
1003,0.7329757690429688
94,0.34549713134765625
340,0.31587982177734375
766,2.0144554138183595
655,0.4647377014160156
1237,1.5676361083984376
172,0.22630081176757813
1180,0.4199638366699219
73,0.13705368041992189
52,0.15175018310546876
577,0.13702011108398438
199,0.15189895629882813
859,1.150311279296875
1253,1.4110389709472657
283,0.5245697021484375
934,2.1932655334472657
1214,1.2024993896484375
70,0.28605194091796876
814,0.7030364990234375
898,1.0012550354003906
1114,1.3589126586914062
16,0.15199127197265624
349,0.6286308288574218
136,0.3752922058105469
556,0.46474151611328124
49,0.1293914794921875
1407,0.8225914001464844
1096,1.7165420532226563
10,0.1371307373046875
703,0.6436752319335938
1147,2.610520935058594
181,0.405181884765625
331,0.732958984375
1217,1.3589187622070313
1247,0.8894515991210937
88,0.2860565185546875
823,0.44254531860351565
907,1.6719322204589844
79,0.1964111328125
22,0.16664352416992187
544,1.0459091186523437
1377,0.28606719970703126
325,0.5542022705078125
112,0.33074188232421875
472,0.6437164306640625
1419,1.77607421875
355,0.837200927734375
343,0.420123291015625
799,0.330670166015625
526,1.1801673889160156
1289,1.2024391174316407
1048,1.1801002502441407
433,0.17415924072265626
1150,2.9682632446289063
1277,1.9846778869628907
634,0.4646728515625
964,0.19644622802734374
1455,1.1801025390625
1353,0.22636871337890624
424,0.37527008056640626
1123,2.297595977783203
202,0.16651840209960939
1093,1.4481727600097656
505,0.24089813232421875
1500,1.060704803466797
1317,2.193395233154297
685,0.8522796630859375
580,0.16662368774414063
244,0.19659347534179689
328,0.6437553405761719
1269,1.0459091186523437
436,0.24091110229492188
277,0.40529327392578124
457,0.19645614624023439
1413,1.2993141174316407
745,0.34547882080078124
250,0.2860908508300781
310,0.7030616760253906
496,0.7778785705566407
490,0.5541130065917969
598,0.3456443786621094
736,1.3589019775390625
223,0.19637298583984375
949,1.5973663330078125
688,1.0012519836425782
1428,0.703033447265625
358,0.9416069030761719
1153,0.15953140258789061
1266,0.7329757690429688
784,0.33080902099609377
1087,0.9116775512695312
1223,0.5245994567871094
1006,0.8225570678710937
787,0.36808013916015625
1416,1.5377578735351562
1243,0.3680694580078125
1175,0.21157989501953126
841,0.256170654296875
109,0.2931938171386719
589,0.25626220703125
418,0.28599700927734373
1120,1.9846084594726563
1452,0.8225563049316407
874,0.8522552490234375
1111,1.0459205627441406
178,0.34535980224609375
1368,0.8225547790527343
334,0.8225395202636718
268,0.22613983154296874
1240,1.7761619567871094
19,0.1594635009765625
1108,0.7330162048339843
1060,0.5541305541992188
1039,0.6437850952148437
475,0.7329315185546875
451,0.5764549255371094
1171,0.47225799560546877
115,0.36803512573242186
967,0.24110946655273438
595,0.315985107421875
1326,3.4448822021484373
439,0.3082740783691406
1203,0.5764549255371094
442,0.3752754211425781
943,1.0011146545410157
1443,2.193276214599609
370,0.5840309143066407
1132,0.82254638671875
289,0.18166427612304686
430,0.46486434936523435
718,1.5378242492675782
1208,0.8894424438476562
292,0.2561820983886719
1075,1.6718841552734376
367,0.46486892700195315
550,1.3589485168457032
607,0.28595733642578125
739,1.5675384521484375
1422,2.0144699096679686
916,0.6285072326660156
1102,2.2529678344726562
922,1.1501853942871094
1211,1.0459495544433595
871,0.6660476684570312
376,0.822515869140625
931,1.9324958801269532
670,1.0607322692871093
1274,1.6719146728515626
658,0.5838859558105469
388,0.15194625854492189
1300,2.6627433776855467
1229,0.941595458984375
1009,0.24120025634765624
1159,0.2637184143066406
892,0.5540237426757812
1395,1.3590431213378906
904,1.4483154296875
883,1.4110588073730468
1126,2.6105316162109373
1512,2.9682266235351564
337,0.21157913208007811
538,0.7328125
1335,0.2860504150390625
1042,0.8225563049316407
1015,0.5095329284667969
1464,2.2531509399414062
1105,0.4199653625488281
700,0.4647979736328125
1479,1.3589347839355468
1365,0.7031417846679687
493,0.6659103393554687
409,0.15188827514648437
592,0.28604965209960936
775,0.21876602172851561
697,0.2859527587890625
346,0.524346923828125
361,0.2263031005859375
1072,1.448162841796875
673,0.25625152587890626
1232,1.1503105163574219
1063,0.7778251647949219
382,1.060796356201172
856,1.0014045715332032
1255,1.6719329833984375
322,0.4648139953613281
1197,0.2634757995605469
1000,0.6437019348144531
400,0.2411346435546875
1473,0.5245834350585937
133,0.33064422607421873
1401,0.3454704284667969
196,0.1369232177734375
850,0.703125
256,0.3752891540527344
727,0.7330162048339843
559,0.6436981201171875
1177,0.3159942626953125
478,0.8225364685058594
37,0.18170700073242188
106,0.25614395141601565
85,0.256072998046875
511,0.5094230651855469
427,0.42003860473632815
1220,0.31594696044921877
1245,0.6285850524902343
664,0.8225273132324219
286,0.5840065002441406
154,0.31578521728515624
721,0.3158088684082031
1144,2.2530181884765623
1165,0.3681190490722656
535,0.5763076782226563
124,0.19653091430664063
1323,3.027863311767578
1188,0.7329483032226562
619,0.5245735168457031
847,0.5540367126464844
763,1.7760269165039062
1258,1.932470703125
13,0.1441802978515625
769,0.14416046142578126
1425,0.4051841735839844
301,0.47957916259765626
679,0.5539962768554687
1297,2.29761962890625
640,0.6437286376953125
1284,0.47218170166015627
514,0.6435012817382812
295,0.3305931091308594
877,1.0382049560546875
646,0.82255859375
184,0.46487274169921877
142,0.4648933410644531
97,0.1442108154296875
802,0.40498886108398435
982,0.464892578125
601,0.16643218994140624
1356,0.34548110961914064
82,0.2262176513671875
1194,0.9415657043457031
691,1.1503166198730468
781,0.2933952331542969
1135,1.1801025390625
865,0.29317474365234375
487,0.44239044189453125
1515,3.4448226928710937
415,0.2409881591796875
187,0.52457275390625
406,0.2860443115234375
385,0.12953948974609375
1449,0.4648895263671875
25,0.1219024658203125
979,0.4201499938964844
1410,1.0607276916503907
193,0.121917724609375
901,1.2246253967285157
43,0.21155471801757814
469,0.5541191101074219
121,0.15181427001953124
1138,1.5377723693847656
1398,1.5377494812011718
1446,2.491497039794922
649,0.226287841796875
838,1.0013214111328126
1380,0.4648651123046875
1308,0.9416297912597656
1012,0.3753997802734375
709,1.0012619018554687
622,0.5841560363769531
637,0.5541107177734375
886,1.5974876403808593
1389,1.0012611389160155
754,1.0607192993164063
1485,2.1933006286621093
1392,1.1801025390625
910,1.8952987670898438
1051,1.3589195251464843
808,0.5541999816894532
604,0.22627105712890624
484,0.3305213928222656
130,0.28593292236328127
652,0.34554367065429686
1200,0.4199256896972656
571,1.358942413330078
928,1.6719245910644531
778,0.25608139038085936
316,0.28589630126953125
160,0.42005233764648436
1168,0.42006378173828124
4,0.12197341918945312
1341,0.4052116394042969
1467,2.610509490966797
148,0.211492919921875
1250,1.1504112243652345
241,0.151812744140625
616,0.4648582458496094
103,0.21886444091796875
1279,2.297534942626953
790,0.4051841735839844
1272,1.3589393615722656
1099,1.9845947265625
274,0.34540634155273436
1018,0.6437271118164063
1440,1.8953018188476562
157,0.3679618835449219
1036,0.4648956298828125
793,0.18171615600585939
724,0.5244422912597656
40,0.19640884399414063
946,1.2992271423339843
265,0.16683502197265626
1162,0.3159629821777344
820,0.3306755065917969
499,0.8894371032714844
985,0.19646682739257812
1497,0.5840202331542969
403,0.26348037719726564
919,0.8894294738769531
1461,1.8953262329101563
958,2.491524505615234
730,0.9413475036621094
163,0.4720649719238281
1090,1.180091094970703
151,0.2633964538574219
1386,0.8225570678710937
523,1.046015167236328
1320,2.610503387451172
568,1.1800796508789062
1509,2.4915016174316404
1374,1.0608650207519532
562,0.8224029541015625
508,0.37529296875
175,0.2860565185546875
145,0.15926742553710938
1033,0.2860565185546875
706,0.8225914001464844
757,1.2992233276367187
64,0.24112777709960936
940,0.7031326293945312
1362,0.5840347290039063
481,0.21848983764648439
829,0.6659889221191406
1314,1.7761489868164062
574,1.5377601623535155
1156,0.21158981323242188
880,1.2247756958007812
1234,1.3589492797851563
1030,1.1800849914550782
772,0.18178634643554686
925,1.410895538330078
448,0.5095420837402344
391,0.17401123046875
454,0.6436958312988281
1078,1.8952987670898438
298,0.40512771606445314
1117,1.671893310546875
262,0.4648887634277344
1359,0.46489410400390624
991,0.37526397705078124
643,0.732928466796875
1383,0.6437454223632812
364,0.3455192565917969
1518,3.921887969970703
61,0.21863327026367188
565,1.0012283325195312
214,0.22636566162109376
319,0.3751106262207031
811,0.6286880493164062
1045,1.0012321472167969
1292,1.5675392150878906
307,0.6286834716796875
