inlines,xlines,samples,operator,avg_peak_memory_usage
100,100,100,envelope,0.12813949584960938
100,100,100,gaussian-filter,0.11447372436523437
100,100,100,gst3d,0.3255287170410156
100,100,200,envelope,0.15153350830078124
100,100,200,gaussian-filter,0.12197341918945312
100,100,200,gst3d,0.5485153198242188
100,100,300,envelope,0.1800537109375
100,100,300,gaussian-filter,0.12960891723632811
100,100,300,gst3d,0.7709701538085938
100,100,400,envelope,0.20627593994140625
100,100,400,gaussian-filter,0.1371307373046875
100,100,400,gst3d,0.9940521240234375
100,100,500,envelope,0.23348236083984375
100,100,500,gaussian-filter,0.1441802978515625
100,100,500,gst3d,1.2167129516601562
100,100,600,envelope,0.2565773010253906
100,100,600,gaussian-filter,0.15199127197265624
100,100,600,gst3d,1.4397377014160155
100,100,700,envelope,0.281817626953125
100,100,700,gaussian-filter,0.1594635009765625
100,100,700,gst3d,1.6622634887695313
100,100,800,envelope,0.312579345703125
100,100,800,gaussian-filter,0.16664352416992187
100,100,800,gst3d,1.8849319458007812
100,200,100,envelope,0.15367965698242186
100,200,100,gaussian-filter,0.1219024658203125
100,200,100,gst3d,0.54840087890625
100,200,200,envelope,0.20840682983398437
100,200,200,gaussian-filter,0.1370697021484375
100,200,200,gst3d,0.9977165222167969
100,200,300,envelope,0.25821609497070314
100,200,300,gaussian-filter,0.15188446044921874
100,200,300,gst3d,1.4472068786621093
100,200,400,envelope,0.31189422607421874
100,200,400,gaussian-filter,0.16658859252929686
100,200,400,gst3d,1.8974189758300781
100,200,500,envelope,0.36311874389648435
100,200,500,gaussian-filter,0.18170700073242188
100,200,500,gst3d,2.307569885253906
100,200,600,envelope,0.41361846923828127
100,200,600,gaussian-filter,0.19640884399414063
100,200,600,gst3d,2.7500213623046874
100,200,700,envelope,0.46877059936523435
100,200,700,gaussian-filter,0.21155471801757814
100,200,700,gst3d,3.1919601440429686
100,200,800,envelope,0.5199394226074219
100,200,800,gaussian-filter,0.22635345458984374
100,200,800,gst3d,3.633444976806641
100,300,100,envelope,0.18253402709960936
100,300,100,gaussian-filter,0.1293914794921875
100,300,100,gst3d,0.7711448669433594
100,300,200,envelope,0.25530166625976564
100,300,200,gaussian-filter,0.15175018310546876
100,300,200,gst3d,1.44715576171875
100,300,300,envelope,0.3367912292480469
100,300,300,gaussian-filter,0.17420196533203125
100,300,300,gst3d,2.089051055908203
100,300,400,envelope,0.4120918273925781
100,300,400,gaussian-filter,0.19635009765625
100,300,400,gst3d,2.754729461669922
100,300,500,envelope,0.4903846740722656
100,300,500,gaussian-filter,0.21863327026367188
100,300,500,gst3d,3.4189964294433595
100,300,600,envelope,0.5737197875976563
100,300,600,gaussian-filter,0.24112777709960936
100,300,600,gst3d,4.083385467529297
100,300,700,envelope,0.6519882202148437
100,300,700,gaussian-filter,0.26345138549804686
100,300,700,gst3d,4.748719024658203
100,300,800,envelope,0.725079345703125
100,300,800,gaussian-filter,0.28605194091796876
100,300,800,gst3d,5.4136192321777346
100,400,100,envelope,0.20528564453125
100,400,100,gaussian-filter,0.13705368041992189
100,400,100,gst3d,0.9938529968261719
100,400,200,envelope,0.30872039794921874
100,400,200,gaussian-filter,0.16650314331054689
100,400,200,gst3d,1.8971420288085938
100,400,300,envelope,0.4128509521484375
100,400,300,gaussian-filter,0.1964111328125
100,400,300,gst3d,2.7548538208007813
100,400,400,envelope,0.5151748657226562
100,400,400,gaussian-filter,0.2262176513671875
100,400,400,gst3d,3.6411361694335938
100,400,500,envelope,0.620849609375
100,400,500,gaussian-filter,0.256072998046875
100,400,500,gst3d,4.529179382324219
100,400,600,envelope,0.7288467407226562
100,400,600,gaussian-filter,0.2860565185546875
100,400,600,gst3d,5.4172119140625
100,400,700,envelope,0.8298683166503906
100,400,700,gaussian-filter,0.31595840454101565
100,400,700,gst3d,6.305078125
100,400,800,envelope,0.9352996826171875
100,400,800,gaussian-filter,0.34549713134765625
100,400,800,gst3d,7.193306732177734
100,500,100,envelope,0.2302947998046875
100,500,100,gaussian-filter,0.1442108154296875
100,500,100,gst3d,1.2166427612304687
100,500,200,envelope,0.3605537414550781
100,500,200,gaussian-filter,0.18152999877929688
100,500,200,gst3d,2.308244323730469
100,500,300,envelope,0.4884071350097656
100,500,300,gaussian-filter,0.21886444091796875
100,500,300,gst3d,3.4189918518066404
100,500,400,envelope,0.6186180114746094
100,500,400,gaussian-filter,0.25614395141601565
100,500,400,gst3d,4.529415893554687
100,500,500,envelope,0.75482177734375
100,500,500,gaussian-filter,0.2931938171386719
100,500,500,gst3d,5.640776824951172
100,500,600,envelope,0.8828865051269531
100,500,600,gaussian-filter,0.33074188232421875
100,500,600,gst3d,6.7510841369628904
100,500,700,envelope,1.0131523132324218
100,500,700,gaussian-filter,0.36803512573242186
100,500,700,gst3d,7.861930084228516
100,500,800,envelope,1.1450027465820312
100,500,800,gaussian-filter,0.40517578125
100,500,800,gst3d,8.973421478271485
100,600,100,envelope,0.2565826416015625
100,600,100,gaussian-filter,0.15181427001953124
100,600,100,gst3d,1.4397720336914062
100,600,200,envelope,0.41407241821289065
100,600,200,gaussian-filter,0.19653091430664063
100,600,200,gst3d,2.749852752685547
100,600,300,envelope,0.5699867248535156
100,600,300,gaussian-filter,0.24099502563476563
100,600,300,gst3d,4.083683013916016
100,600,400,envelope,0.7227691650390625
100,600,400,gaussian-filter,0.28593292236328127
100,600,400,gst3d,5.417379760742188
100,600,500,envelope,0.8834625244140625
100,600,500,gaussian-filter,0.33064422607421873
100,600,500,gst3d,6.751043701171875
100,600,600,envelope,1.0394142150878907
100,600,600,gaussian-filter,0.3752922058105469
100,600,600,gst3d,8.085658264160156
100,600,700,envelope,1.1977622985839844
100,600,700,gaussian-filter,0.41995391845703123
100,600,700,gst3d,9.419164276123047
100,600,800,envelope,1.3542930603027343
100,600,800,gaussian-filter,0.4648933410644531
100,600,800,gst3d,10.752513122558593
100,700,100,envelope,0.28308639526367185
100,700,100,gaussian-filter,0.15926742553710938
100,700,100,gst3d,1.6623703002929688
100,700,200,envelope,0.4655731201171875
100,700,200,gaussian-filter,0.211492919921875
100,700,200,gst3d,3.191625213623047
100,700,300,envelope,0.6471145629882813
100,700,300,gaussian-filter,0.2633964538574219
100,700,300,gst3d,4.748094177246093
100,700,400,envelope,0.829266357421875
100,700,400,gaussian-filter,0.31578521728515624
100,700,400,gst3d,6.3044281005859375
100,700,500,envelope,1.0153053283691407
100,700,500,gaussian-filter,0.3679618835449219
100,700,500,gst3d,7.862020111083984
100,700,600,envelope,1.1966117858886718
100,700,600,gaussian-filter,0.42005233764648436
100,700,600,gst3d,9.419038391113281
100,700,700,envelope,1.3816490173339844
100,700,700,gaussian-filter,0.4720649719238281
100,700,700,gst3d,10.976145172119141
100,700,800,envelope,1.5609733581542968
100,700,800,gaussian-filter,0.5245895385742188
100,700,800,gst3d,12.532988739013671
100,800,100,envelope,0.31121063232421875
100,800,100,gaussian-filter,0.16657485961914062
100,800,100,gst3d,1.884862518310547
100,800,200,envelope,0.5163459777832031
100,800,200,gaussian-filter,0.22630081176757813
100,800,200,gst3d,3.6329200744628904
100,800,300,envelope,0.7254425048828125
100,800,300,gaussian-filter,0.2860565185546875
100,800,300,gst3d,5.413542175292969
100,800,400,envelope,0.9347366333007813
100,800,400,gaussian-filter,0.34535980224609375
100,800,400,gst3d,7.1931396484375
100,800,500,envelope,1.1422393798828125
100,800,500,gaussian-filter,0.405181884765625
100,800,500,gst3d,8.97320098876953
100,800,600,envelope,1.347740936279297
100,800,600,gaussian-filter,0.46487274169921877
100,800,600,gst3d,10.752537536621094
100,800,700,envelope,1.5627159118652343
100,800,700,gaussian-filter,0.52457275390625
100,800,700,gst3d,12.532996368408202
100,800,800,envelope,1.7708030700683595
100,800,800,gaussian-filter,0.5841156005859375
100,800,800,gst3d,14.312516784667968
200,100,100,envelope,0.15169906616210938
200,100,100,gaussian-filter,0.121917724609375
200,100,100,gst3d,0.5483734130859375
200,100,200,envelope,0.2042938232421875
200,100,200,gaussian-filter,0.1369232177734375
200,100,200,gst3d,0.9976997375488281
200,100,300,envelope,0.2593803405761719
200,100,300,gaussian-filter,0.15189895629882813
200,100,300,gst3d,1.4473526000976562
200,100,400,envelope,0.30965499877929686
200,100,400,gaussian-filter,0.16651840209960939
200,100,400,gst3d,1.8973251342773438
200,100,500,envelope,0.36629791259765626
200,100,500,gaussian-filter,0.18166961669921874
200,100,500,gst3d,2.3077461242675783
200,100,600,envelope,0.4166748046875
200,100,600,gaussian-filter,0.19644393920898437
200,100,600,gst3d,2.750092315673828
200,100,700,envelope,0.46337432861328126
200,100,700,gaussian-filter,0.2115814208984375
200,100,700,gst3d,3.191816711425781
200,100,800,envelope,0.5197830200195312
200,100,800,gaussian-filter,0.22636566162109376
200,100,800,gst3d,3.633641815185547
200,200,100,envelope,0.20487594604492188
200,200,100,gaussian-filter,0.13701019287109376
200,200,100,gst3d,0.9973884582519531
200,200,200,envelope,0.30910720825195315
200,200,200,gaussian-filter,0.16658554077148438
200,200,200,gst3d,1.9048919677734375
200,200,300,envelope,0.4098182678222656
200,200,300,gaussian-filter,0.19637298583984375
200,200,300,gst3d,2.7669586181640624
200,200,400,envelope,0.5171043395996093
200,200,400,gaussian-filter,0.22623138427734374
200,200,400,gst3d,3.658666229248047
200,200,500,envelope,0.6244285583496094
200,200,500,gaussian-filter,0.2562774658203125
200,200,500,gst3d,4.550830841064453
200,200,600,envelope,0.72645263671875
200,200,600,gaussian-filter,0.2860740661621094
200,200,600,gst3d,5.442897033691406
200,200,700,envelope,0.8308547973632813
200,200,700,gaussian-filter,0.31597137451171875
200,200,700,gst3d,6.335211181640625
200,200,800,envelope,0.9345108032226562
200,200,800,gaussian-filter,0.34544830322265624
200,200,800,gst3d,7.227832794189453
200,300,100,envelope,0.25896148681640624
200,300,100,gaussian-filter,0.151812744140625
200,300,100,gst3d,1.4473655700683594
200,300,200,envelope,0.4165214538574219
200,300,200,gaussian-filter,0.19659347534179689
200,300,200,gst3d,2.7671714782714845
200,300,300,envelope,0.5701492309570313
200,300,300,gaussian-filter,0.24111404418945312
200,300,300,gst3d,4.108684539794922
200,300,400,envelope,0.7315460205078125
200,300,400,gaussian-filter,0.2860908508300781
200,300,400,gst3d,5.451211547851562
200,300,500,envelope,0.8828269958496093
200,300,500,gaussian-filter,0.33045501708984376
200,300,500,gst3d,6.79345474243164
200,300,600,envelope,1.0415428161621094
200,300,600,gaussian-filter,0.3752891540527344
200,300,600,gst3d,8.135801696777344
200,300,700,envelope,1.1990020751953125
200,300,700,gaussian-filter,0.4200653076171875
200,300,700,gst3d,9.477536010742188
200,300,800,envelope,1.3556602478027344
200,300,800,gaussian-filter,0.4648887634277344
200,300,800,gst3d,10.820722198486328
200,400,100,envelope,0.3102569580078125
200,400,100,gaussian-filter,0.16683502197265626
200,400,100,gst3d,1.8973052978515625
200,400,200,envelope,0.5151741027832031
200,400,200,gaussian-filter,0.22613983154296874
200,400,200,gst3d,3.6586235046386717
200,400,300,envelope,0.7252204895019532
200,400,300,gaussian-filter,0.2859321594238281
200,400,300,gst3d,5.451582336425782
200,400,400,envelope,0.9330696105957031
200,400,400,gaussian-filter,0.34540634155273436
200,400,400,gst3d,7.243242645263672
200,400,500,envelope,1.1423255920410156
200,400,500,gaussian-filter,0.40529327392578124
200,400,500,gst3d,9.036620330810546
200,400,600,envelope,1.3536567687988281
200,400,600,gaussian-filter,0.4649169921875
200,400,600,gst3d,10.82928009033203
200,400,700,envelope,1.5637031555175782
200,400,700,gaussian-filter,0.5245697021484375
200,400,700,gst3d,12.62121353149414
200,400,800,envelope,1.7715805053710938
200,400,800,gaussian-filter,0.5840065002441406
200,400,800,gst3d,14.414624786376953
200,500,100,envelope,0.35908203125
200,500,100,gaussian-filter,0.18166427612304686
200,500,100,gst3d,2.3076812744140627
200,500,200,envelope,0.6165794372558594
200,500,200,gaussian-filter,0.2561820983886719
200,500,200,gst3d,4.551160430908203
200,500,300,envelope,0.8815742492675781
200,500,300,gaussian-filter,0.3305931091308594
200,500,300,gst3d,6.793356323242188
200,500,400,envelope,1.1439384460449218
200,500,400,gaussian-filter,0.40512771606445314
200,500,400,gst3d,9.036388397216797
200,500,500,envelope,1.4054931640625
200,500,500,gaussian-filter,0.47957916259765626
200,500,500,gst3d,11.278992462158204
200,500,600,envelope,1.6662818908691406
200,500,600,gaussian-filter,0.5540992736816406
200,500,600,gst3d,13.521865081787109
200,500,700,envelope,1.928985595703125
200,500,700,gaussian-filter,0.6286834716796875
200,500,700,gst3d,15.764328002929688
200,500,800,envelope,2.1904006958007813
200,500,800,gaussian-filter,0.7030616760253906
200,500,800,gst3d,18.007381439208984
200,600,100,envelope,0.4102027893066406
200,600,100,gaussian-filter,0.19641647338867188
200,600,100,gst3d,2.749711608886719
200,600,200,envelope,0.7250587463378906
200,600,200,gaussian-filter,0.28589630126953125
200,600,200,gst3d,5.442675018310547
200,600,300,envelope,1.0357643127441407
200,600,300,gaussian-filter,0.3751106262207031
200,600,300,gst3d,8.135667419433593
200,600,400,envelope,1.3534744262695313
200,600,400,gaussian-filter,0.4648139953613281
200,600,400,gst3d,10.828904724121093
200,600,500,envelope,1.6686744689941406
200,600,500,gaussian-filter,0.5542022705078125
200,600,500,gst3d,13.521885681152344
200,600,600,envelope,1.9833267211914063
200,600,600,gaussian-filter,0.6437553405761719
200,600,600,gst3d,16.214524841308595
200,600,700,envelope,2.295262908935547
200,600,700,gaussian-filter,0.732958984375
200,600,700,gst3d,18.90764923095703
200,600,800,envelope,2.6078109741210938
200,600,800,gaussian-filter,0.8225395202636718
200,600,800,gst3d,21.600894165039062
200,700,100,envelope,0.4706733703613281
200,700,100,gaussian-filter,0.21157913208007811
200,700,100,gst3d,3.1916412353515624
200,700,200,envelope,0.8285606384277344
200,700,200,gaussian-filter,0.31587982177734375
200,700,200,gst3d,6.334980773925781
200,700,300,envelope,1.194403839111328
200,700,300,gaussian-filter,0.420123291015625
200,700,300,gst3d,9.478040313720703
200,700,400,envelope,1.5641807556152343
200,700,400,gaussian-filter,0.524346923828125
200,700,400,gst3d,12.621207427978515
200,700,500,envelope,1.9295974731445313
200,700,500,gaussian-filter,0.6286308288574218
200,700,500,gst3d,15.764434051513671
200,700,600,envelope,2.292645263671875
200,700,600,gaussian-filter,0.7330848693847656
200,700,600,gst3d,18.907795715332032
200,700,700,envelope,2.659137725830078
200,700,700,gaussian-filter,0.837200927734375
200,700,700,gst3d,22.050765228271484
200,700,800,envelope,3.0255050659179688
200,700,800,gaussian-filter,0.9416069030761719
200,700,800,gst3d,25.19467544555664
200,800,100,envelope,0.5191680908203125
200,800,100,gaussian-filter,0.2263031005859375
200,800,100,gst3d,3.6332611083984374
200,800,200,envelope,0.9307365417480469
200,800,200,gaussian-filter,0.3455192565917969
200,800,200,gst3d,7.227618408203125
200,800,300,envelope,1.3545402526855468
200,800,300,gaussian-filter,0.46486892700195315
200,800,300,gst3d,10.819906616210938
200,800,400,envelope,1.773394775390625
200,800,400,gaussian-filter,0.5840309143066407
200,800,400,gst3d,14.414459228515625
200,800,500,envelope,2.1889434814453126
200,800,500,gaussian-filter,0.7028076171875
200,800,500,gst3d,18.00752182006836
200,800,600,envelope,2.6055252075195314
200,800,600,gaussian-filter,0.822515869140625
200,800,600,gst3d,21.60034637451172
200,800,700,envelope,3.024976348876953
200,800,700,gaussian-filter,0.9415977478027344
200,800,700,gst3d,25.19474105834961
200,800,800,envelope,3.4390029907226562
200,800,800,gaussian-filter,1.060796356201172
200,800,800,gst3d,28.788026428222658
300,100,100,envelope,0.18196029663085939
300,100,100,gaussian-filter,0.12953948974609375
300,100,100,gst3d,0.771038818359375
300,100,200,envelope,0.2555519104003906
300,100,200,gaussian-filter,0.15194625854492189
300,100,200,gst3d,1.4477256774902343
300,100,300,envelope,0.3373588562011719
300,100,300,gaussian-filter,0.17401123046875
300,100,300,gst3d,2.088836669921875
300,100,400,envelope,0.41530685424804686
300,100,400,gaussian-filter,0.19655227661132812
300,100,400,gst3d,2.754832458496094
300,100,500,envelope,0.4946022033691406
300,100,500,gaussian-filter,0.21872940063476562
300,100,500,gst3d,3.4187355041503906
300,100,600,envelope,0.5691192626953125
300,100,600,gaussian-filter,0.2411346435546875
300,100,600,gst3d,4.083720397949219
300,100,700,envelope,0.6488174438476563
300,100,700,gaussian-filter,0.26348037719726564
300,100,700,gst3d,4.747921752929687
300,100,800,envelope,0.7281761169433594
300,100,800,gaussian-filter,0.2860443115234375
300,100,800,gst3d,5.413608551025391
300,200,100,envelope,0.2574440002441406
300,200,100,gaussian-filter,0.15188827514648437
300,200,100,gst3d,1.4470718383789063
300,200,200,envelope,0.4146598815917969
300,200,200,gaussian-filter,0.19652786254882812
300,200,200,gst3d,2.7670013427734377
300,200,300,envelope,0.5716629028320312
300,200,300,gaussian-filter,0.2409881591796875
300,200,300,gst3d,4.109087371826172
300,200,400,envelope,0.7258811950683594
300,200,400,gaussian-filter,0.28599700927734373
300,200,400,gst3d,5.451358795166016
300,200,500,envelope,0.8837677001953125
300,200,500,gaussian-filter,0.3305015563964844
300,200,500,gst3d,6.79345932006836
300,200,600,envelope,1.0418167114257812
300,200,600,gaussian-filter,0.37527008056640626
300,200,600,gst3d,8.135919189453125
300,200,700,envelope,1.1989875793457032
300,200,700,gaussian-filter,0.42003860473632815
300,200,700,gst3d,9.478055572509765
300,200,800,envelope,1.354486083984375
300,200,800,gaussian-filter,0.46486434936523435
300,200,800,gst3d,10.820321655273437
300,300,100,envelope,0.3344108581542969
300,300,100,gaussian-filter,0.17415924072265626
300,300,100,gst3d,2.0889907836914063
300,300,200,envelope,0.5738594055175781
300,300,200,gaussian-filter,0.24091110229492188
300,300,200,gst3d,4.108500671386719
300,300,300,envelope,0.8066932678222656
300,300,300,gaussian-filter,0.3082740783691406
300,300,300,gst3d,6.129019165039063
300,300,400,envelope,1.0396614074707031
300,300,400,gaussian-filter,0.3752754211425781
300,300,400,gst3d,8.148246765136719
300,300,500,envelope,1.2754798889160157
300,300,500,gaussian-filter,0.442462158203125
300,300,500,gst3d,10.168596649169922
300,300,600,envelope,1.5106399536132813
300,300,600,gaussian-filter,0.5095420837402344
300,300,600,gst3d,12.188174438476562
300,300,700,envelope,1.7483253479003906
300,300,700,gaussian-filter,0.5764549255371094
300,300,700,gst3d,14.208525085449219
300,300,800,envelope,1.9827842712402344
300,300,800,gaussian-filter,0.6436958312988281
300,300,800,gst3d,16.22748794555664
300,400,100,envelope,0.4120674133300781
300,400,100,gaussian-filter,0.19645614624023439
300,400,100,gst3d,2.754834747314453
300,400,200,envelope,0.7302040100097656
300,400,200,gaussian-filter,0.28604583740234374
300,400,200,gst3d,5.451637268066406
300,400,300,envelope,1.0423271179199218
300,400,300,gaussian-filter,0.3752754211425781
300,400,300,gst3d,8.148558807373046
300,400,400,envelope,1.3549423217773438
300,400,400,gaussian-filter,0.46475372314453123
300,400,400,gst3d,10.846067810058594
300,400,500,envelope,1.66890869140625
300,400,500,gaussian-filter,0.5541191101074219
300,400,500,gst3d,13.542554473876953
300,400,600,envelope,1.9819656372070313
300,400,600,gaussian-filter,0.6437164306640625
300,400,600,gst3d,16.240784454345704
300,400,700,envelope,2.2932418823242187
300,400,700,gaussian-filter,0.7329315185546875
300,400,700,gst3d,18.937740325927734
300,400,800,envelope,2.6051658630371093
300,400,800,gaussian-filter,0.8225364685058594
300,400,800,gst3d,21.635179138183595
300,500,100,envelope,0.49076385498046876
300,500,100,gaussian-filter,0.21848983764648439
300,500,100,gst3d,3.4186378479003907
300,500,200,envelope,0.8881004333496094
300,500,200,gaussian-filter,0.3305213928222656
300,500,200,gst3d,6.793295288085938
300,500,300,envelope,1.2734588623046874
300,500,300,gaussian-filter,0.44239044189453125
300,500,300,gst3d,10.168404388427735
300,500,400,envelope,1.6680511474609374
300,500,400,gaussian-filter,0.5541130065917969
300,500,400,gst3d,13.5427001953125
300,500,500,envelope,2.059944915771484
300,500,500,gaussian-filter,0.6659103393554687
300,500,500,gst3d,16.917939758300783
300,500,600,envelope,2.450499725341797
300,500,600,gaussian-filter,0.7778785705566407
300,500,600,gst3d,20.292539215087892
300,500,700,envelope,2.842040252685547
300,500,700,gaussian-filter,0.8894371032714844
300,500,700,gst3d,23.667311096191405
300,500,800,envelope,3.2323211669921874
300,500,800,gaussian-filter,1.0013313293457031
300,500,800,gst3d,27.041872406005858
300,600,100,envelope,0.5700164794921875
300,600,100,gaussian-filter,0.24089813232421875
300,600,100,gst3d,4.083174133300782
300,600,200,envelope,1.0412208557128906
300,600,200,gaussian-filter,0.37529296875
300,600,200,gst3d,8.135916900634765
300,600,300,envelope,1.5123977661132812
300,600,300,gaussian-filter,0.5094230651855469
300,600,300,gst3d,12.188443756103515
300,600,400,envelope,1.9805458068847657
300,600,400,gaussian-filter,0.6435012817382812
300,600,400,gst3d,16.24069747924805
300,600,500,envelope,2.448952484130859
300,600,500,gaussian-filter,0.7777450561523438
300,600,500,gst3d,20.292146301269533
300,600,600,envelope,2.919159698486328
300,600,600,gaussian-filter,0.9116615295410156
300,600,600,gst3d,24.344468688964845
300,600,700,envelope,3.3904098510742187
300,600,700,gaussian-filter,1.046015167236328
300,600,700,gst3d,28.397108459472655
300,600,800,envelope,3.8600624084472654
300,600,800,gaussian-filter,1.1801673889160156
300,600,800,gst3d,32.44905776977539
300,700,100,envelope,0.6486007690429687
300,700,100,gaussian-filter,0.26332778930664064
300,700,100,gst3d,4.747998809814453
300,700,200,envelope,1.1960189819335938
300,700,200,gaussian-filter,0.41993865966796873
300,700,200,gst3d,9.478116607666015
300,700,300,envelope,1.7474380493164063
300,700,300,gaussian-filter,0.5763076782226563
300,700,300,gst3d,14.208019256591797
300,700,400,envelope,2.29384765625
300,700,400,gaussian-filter,0.7328125
300,700,400,gst3d,18.9379150390625
300,700,500,envelope,2.8424949645996094
300,700,500,gaussian-filter,0.8893989562988281
300,700,500,gst3d,23.66758041381836
300,700,600,envelope,3.3903152465820314
300,700,600,gaussian-filter,1.0459091186523437
300,700,600,gst3d,28.396914672851562
300,700,700,envelope,3.9391937255859375
300,700,700,gaussian-filter,1.2024131774902345
300,700,700,gst3d,33.12679443359375
300,700,800,envelope,4.486833953857422
300,700,800,gaussian-filter,1.3589485168457032
300,700,800,gst3d,37.85605010986328
300,800,100,envelope,0.7275276184082031
300,800,100,gaussian-filter,0.2859954833984375
300,800,100,gst3d,5.413611602783203
300,800,200,envelope,1.3515403747558594
300,800,200,gaussian-filter,0.46474151611328124
300,800,200,gst3d,10.820439910888672
300,800,300,envelope,1.9801071166992188
300,800,300,gaussian-filter,0.6436981201171875
300,800,300,gst3d,16.22724151611328
300,800,400,envelope,2.608930206298828
300,800,400,gaussian-filter,0.8224029541015625
300,800,400,gst3d,21.634745788574218
300,800,500,envelope,3.235590362548828
300,800,500,gaussian-filter,1.0012283325195312
300,800,500,gst3d,27.041141510009766
300,800,600,envelope,3.858551025390625
300,800,600,gaussian-filter,1.1800796508789062
300,800,600,gst3d,32.449127960205075
300,800,700,envelope,4.4838920593261715
300,800,700,gaussian-filter,1.358942413330078
300,800,700,gst3d,37.85620956420898
300,800,800,envelope,5.111376190185547
300,800,800,gaussian-filter,1.5377601623535155
300,800,800,gst3d,43.263973236083984
400,100,100,envelope,0.204083251953125
400,100,100,gaussian-filter,0.13702011108398438
400,100,100,gst3d,0.9942985534667969
400,100,200,envelope,0.31049270629882814
400,100,200,gaussian-filter,0.16662368774414063
400,100,200,gst3d,1.897210693359375
400,100,300,envelope,0.41767578125
400,100,300,gaussian-filter,0.19633941650390624
400,100,300,gst3d,2.754904937744141
400,100,400,envelope,0.5172714233398438
400,100,400,gaussian-filter,0.22635269165039062
400,100,400,gst3d,3.6410751342773438
400,100,500,envelope,0.6233207702636718
400,100,500,gaussian-filter,0.25626220703125
400,100,500,gst3d,4.52889404296875
400,100,600,envelope,0.726983642578125
400,100,600,gaussian-filter,0.28604965209960936
400,100,600,gst3d,5.417560577392578
400,100,700,envelope,0.8347282409667969
400,100,700,gaussian-filter,0.315985107421875
400,100,700,gst3d,6.305501556396484
400,100,800,envelope,0.9404533386230469
400,100,800,gaussian-filter,0.3456443786621094
400,100,800,gst3d,7.1931404113769535
400,200,100,envelope,0.31140823364257814
400,200,100,gaussian-filter,0.16643218994140624
400,200,100,gst3d,1.8973403930664063
400,200,200,envelope,0.5147216796875
400,200,200,gaussian-filter,0.22627105712890624
400,200,200,gst3d,3.6588592529296875
400,200,300,envelope,0.7293922424316406
400,200,300,gaussian-filter,0.28595733642578125
400,200,300,gst3d,5.451636505126953
400,200,400,envelope,0.9358009338378906
400,200,400,gaussian-filter,0.34543304443359374
400,200,400,gst3d,7.2431793212890625
400,200,500,envelope,1.1465354919433595
400,200,500,gaussian-filter,0.40518646240234374
400,200,500,gst3d,9.036791229248047
400,200,600,envelope,1.3540267944335938
400,200,600,gaussian-filter,0.4648582458496094
400,200,600,gst3d,10.828496551513672
400,200,700,envelope,1.5657920837402344
400,200,700,gaussian-filter,0.5245735168457031
400,200,700,gst3d,12.621051788330078
400,200,800,envelope,1.7715873718261719
400,200,800,gaussian-filter,0.5841560363769531
400,200,800,gst3d,14.414570617675782
400,300,100,envelope,0.41113128662109377
400,300,100,gaussian-filter,0.19643936157226563
400,300,100,gst3d,2.754904937744141
400,300,200,envelope,0.7248268127441406
400,300,200,gaussian-filter,0.2859931945800781
400,300,200,gst3d,5.451318359375
400,300,300,envelope,1.0436981201171875
400,300,300,gaussian-filter,0.37521896362304685
400,300,300,gst3d,8.148724365234376
400,300,400,envelope,1.35550537109375
400,300,400,gaussian-filter,0.4646728515625
400,300,400,gst3d,10.845281982421875
400,300,500,envelope,1.6663131713867188
400,300,500,gaussian-filter,0.5541107177734375
400,300,500,gst3d,13.542898559570313
400,300,600,envelope,1.982018280029297
400,300,600,gaussian-filter,0.6437286376953125
400,300,600,gst3d,16.240779876708984
400,300,700,envelope,2.2926872253417967
400,300,700,gaussian-filter,0.732928466796875
400,300,700,gst3d,18.937584686279298
400,300,800,envelope,2.606365966796875
400,300,800,gaussian-filter,0.82255859375
400,300,800,gst3d,21.635007476806642
400,400,100,envelope,0.5183059692382812
400,400,100,gaussian-filter,0.226287841796875
400,400,100,gst3d,3.6411537170410155
400,400,200,envelope,0.9366012573242187
400,400,200,gaussian-filter,0.34554367065429686
400,400,200,gst3d,7.244012451171875
400,400,300,envelope,1.3529693603515625
400,400,300,gaussian-filter,0.4647377014160156
400,400,300,gst3d,10.845772552490235
400,400,400,envelope,1.7713600158691407
400,400,400,gaussian-filter,0.5838859558105469
400,400,400,gst3d,14.447705078125
400,400,500,envelope,2.191997528076172
400,400,500,gaussian-filter,0.7030738830566406
400,400,500,gst3d,18.049723815917968
400,400,600,envelope,2.607941436767578
400,400,600,gaussian-filter,0.8225273132324219
400,400,600,gst3d,21.6524169921875
400,400,700,envelope,3.0265968322753904
400,400,700,gaussian-filter,0.9416244506835938
400,400,700,gst3d,25.253839874267577
400,400,800,envelope,3.4428367614746094
400,400,800,gaussian-filter,1.0607322692871093
400,400,800,gst3d,28.855835723876954
400,500,100,envelope,0.6249099731445312
400,500,100,gaussian-filter,0.25625152587890626
400,500,100,gst3d,4.529389953613281
400,500,200,envelope,1.14317626953125
400,500,200,gaussian-filter,0.4051704406738281
400,500,200,gst3d,9.036542510986328
400,500,300,envelope,1.667047119140625
400,500,300,gaussian-filter,0.5539962768554687
400,500,300,gst3d,13.543212890625
400,500,400,envelope,2.1888877868652346
400,500,400,gaussian-filter,0.7030128479003906
400,500,400,gst3d,18.049874114990235
400,500,500,envelope,2.710833740234375
400,500,500,gaussian-filter,0.8522796630859375
400,500,500,gst3d,22.555616760253905
400,500,600,envelope,3.2344764709472655
400,500,600,gaussian-filter,1.0012519836425782
400,500,600,gst3d,27.063394927978514
400,500,700,envelope,3.755687713623047
400,500,700,gaussian-filter,1.1503166198730468
400,500,700,gst3d,31.569926452636718
400,500,800,envelope,4.278132629394531
400,500,800,gaussian-filter,1.2992256164550782
400,500,800,gst3d,36.077135467529295
400,600,100,envelope,0.7254684448242188
400,600,100,gaussian-filter,0.2859527587890625
400,600,100,gst3d,5.417655181884766
400,600,200,envelope,1.3545272827148438
400,600,200,gaussian-filter,0.4647979736328125
400,600,200,gst3d,10.828418731689453
400,600,300,envelope,1.9832557678222655
400,600,300,gaussian-filter,0.6436752319335938
400,600,300,gst3d,16.24061813354492
400,600,400,envelope,2.605265808105469
400,600,400,gaussian-filter,0.8225914001464844
400,600,400,gst3d,21.65234832763672
400,600,500,envelope,3.2328948974609375
400,600,500,gaussian-filter,1.0012619018554687
400,600,500,gst3d,27.06349105834961
400,600,600,envelope,3.856614685058594
400,600,600,gaussian-filter,1.1801620483398438
400,600,600,gst3d,32.474710083007814
400,600,700,envelope,4.485052490234375
400,600,700,gaussian-filter,1.3589485168457032
400,600,700,gst3d,37.886235046386716
400,600,800,envelope,5.111257934570313
400,600,800,gaussian-filter,1.5378242492675782
400,600,800,gst3d,43.29756622314453
400,700,100,envelope,0.8315757751464844
400,700,100,gaussian-filter,0.3158088684082031
400,700,100,gst3d,6.304480743408203
400,700,200,envelope,1.5629852294921875
400,700,200,gaussian-filter,0.5244422912597656
400,700,200,gst3d,12.621277618408204
400,700,300,envelope,2.296465301513672
400,700,300,gaussian-filter,0.7330162048339843
400,700,300,gst3d,18.93778839111328
400,700,400,envelope,3.023253631591797
400,700,400,gaussian-filter,0.9413475036621094
400,700,400,gst3d,25.253341674804688
400,700,500,envelope,3.754985046386719
400,700,500,gaussian-filter,1.1503501892089845
400,700,500,gst3d,31.56943588256836
400,700,600,envelope,4.485352325439453
400,700,600,gaussian-filter,1.3589019775390625
400,700,600,gst3d,37.88598098754883
400,700,700,envelope,5.212379455566406
400,700,700,gaussian-filter,1.5675384521484375
400,700,700,gst3d,44.20269012451172
400,700,800,envelope,5.946495819091797
400,700,800,gaussian-filter,1.7760162353515625
400,700,800,gst3d,50.51936645507813
400,800,100,envelope,0.9342384338378906
400,800,100,gaussian-filter,0.34547882080078124
400,800,100,gst3d,7.193462371826172
400,800,200,envelope,1.7705879211425781
400,800,200,gaussian-filter,0.5839973449707031
400,800,200,gst3d,14.414360046386719
400,800,300,envelope,2.6080307006835937
400,800,300,gaussian-filter,0.8224624633789063
400,800,300,gst3d,21.634879302978515
400,800,400,envelope,3.4403961181640623
400,800,400,gaussian-filter,1.0607192993164063
400,800,400,gst3d,28.855776214599608
400,800,500,envelope,4.275907135009765
400,800,500,gaussian-filter,1.2992233276367187
400,800,500,gst3d,36.077100372314455
400,800,600,envelope,5.1107017517089846
400,800,600,gaussian-filter,1.5377685546875
400,800,600,gst3d,43.29708023071289
400,800,700,envelope,5.944298553466797
400,800,700,gaussian-filter,1.7760269165039062
400,800,700,gst3d,50.51936645507813
400,800,800,envelope,6.7763816833496096
400,800,800,gaussian-filter,2.0144554138183595
400,800,800,gst3d,57.738973236083986
500,100,100,envelope,0.23566131591796874
500,100,100,gaussian-filter,0.14416046142578126
500,100,100,gst3d,1.2167922973632812
500,100,200,envelope,0.35968856811523436
500,100,200,gaussian-filter,0.18178634643554686
500,100,200,gst3d,2.3074134826660155
500,100,300,envelope,0.4926582336425781
500,100,300,gaussian-filter,0.21876602172851561
500,100,300,gst3d,3.418804931640625
500,100,400,envelope,0.6221267700195312
500,100,400,gaussian-filter,0.25608139038085936
500,100,400,gst3d,4.529777526855469
500,100,500,envelope,0.7536888122558594
500,100,500,gaussian-filter,0.2933952331542969
500,100,500,gst3d,5.640590667724609
500,100,600,envelope,0.8856338500976563
500,100,600,gaussian-filter,0.33080902099609377
500,100,600,gst3d,6.751132202148438
500,100,700,envelope,1.0171981811523438
500,100,700,gaussian-filter,0.36808013916015625
500,100,700,gst3d,7.861868286132813
500,100,800,envelope,1.1464698791503907
500,100,800,gaussian-filter,0.4051841735839844
500,100,800,gst3d,8.973190307617188
500,200,100,envelope,0.36351776123046875
500,200,100,gaussian-filter,0.18171615600585939
500,200,100,gst3d,2.3074501037597654
500,200,200,envelope,0.6240921020507812
500,200,200,gaussian-filter,0.25618515014648435
500,200,200,gst3d,4.550802612304688
500,200,300,envelope,0.8841316223144531
500,200,300,gaussian-filter,0.330670166015625
500,200,300,gst3d,6.792919158935547
500,200,400,envelope,1.1469078063964844
500,200,400,gaussian-filter,0.40498886108398435
500,200,400,gst3d,9.036608123779297
500,200,500,envelope,1.4088020324707031
500,200,500,gaussian-filter,0.4797187805175781
500,200,500,gst3d,11.279193115234374
500,200,600,envelope,1.6665237426757813
500,200,600,gaussian-filter,0.5541999816894532
500,200,600,gst3d,13.521932983398438
500,200,700,envelope,1.928746795654297
500,200,700,gaussian-filter,0.6286880493164062
500,200,700,gst3d,15.764678192138671
500,200,800,envelope,2.190995788574219
500,200,800,gaussian-filter,0.7030364990234375
500,200,800,gst3d,18.007217407226562
500,300,100,envelope,0.49038162231445315
500,300,100,gaussian-filter,0.21872329711914062
500,300,100,gst3d,3.4190223693847654
500,300,200,envelope,0.8837844848632812
500,300,200,gaussian-filter,0.3306755065917969
500,300,200,gst3d,6.793931579589843
500,300,300,envelope,1.2780731201171875
500,300,300,gaussian-filter,0.44254531860351565
500,300,300,gst3d,10.168489837646485
500,300,400,envelope,1.6684432983398438
500,300,400,gaussian-filter,0.5540794372558594
500,300,400,gst3d,13.543385314941407
500,300,500,envelope,2.0614089965820312
500,300,500,gaussian-filter,0.6659889221191406
500,300,500,gst3d,16.917439270019532
500,300,600,envelope,2.452472686767578
500,300,600,gaussian-filter,0.7778816223144531
500,300,600,gst3d,20.292886352539064
500,300,700,envelope,2.842767333984375
500,300,700,gaussian-filter,0.8894683837890625
500,300,700,gst3d,23.66762008666992
500,300,800,envelope,3.2335838317871093
500,300,800,gaussian-filter,1.0013214111328126
500,300,800,gst3d,27.041937255859374
500,400,100,envelope,0.6213340759277344
500,400,100,gaussian-filter,0.256170654296875
500,400,100,gst3d,4.529763031005859
500,400,200,envelope,1.1451805114746094
500,400,200,gaussian-filter,0.4050773620605469
500,400,200,gst3d,9.036573028564453
500,400,300,envelope,1.667719268798828
500,400,300,gaussian-filter,0.5540367126464844
500,400,300,gst3d,13.543267059326173
500,400,400,envelope,2.1877479553222656
500,400,400,gaussian-filter,0.703125
500,400,400,gst3d,18.04952163696289
500,400,500,envelope,2.7127052307128907
500,400,500,gaussian-filter,0.8523384094238281
500,400,500,gst3d,22.556639099121092
500,400,600,envelope,3.2336669921875
500,400,600,gaussian-filter,1.0014045715332032
500,400,600,gst3d,27.063496398925782
500,400,700,envelope,3.755107879638672
500,400,700,gaussian-filter,1.150311279296875
500,400,700,gst3d,31.570020294189455
500,400,800,envelope,4.2756401062011715
500,400,800,gaussian-filter,1.2992134094238281
500,400,800,gst3d,36.07729034423828
500,500,100,envelope,0.7555648803710937
500,500,100,gaussian-filter,0.29317474365234375
500,500,100,gst3d,5.640898895263672
500,500,200,envelope,1.4094161987304688
500,500,200,gaussian-filter,0.4795951843261719
500,500,200,gst3d,11.278880310058593
500,500,300,envelope,2.058615875244141
500,500,300,gaussian-filter,0.6660476684570312
500,500,300,gst3d,16.917713165283203
500,500,400,envelope,2.71099853515625
500,500,400,gaussian-filter,0.8522552490234375
500,500,400,gst3d,22.55611572265625
500,500,500,envelope,3.364897918701172
500,500,500,gaussian-filter,1.0382049560546875
500,500,500,gst3d,28.195068359375
500,500,600,envelope,4.014854431152344
500,500,600,gaussian-filter,1.2247756958007812
500,500,600,gst3d,33.8337516784668
500,500,700,envelope,4.667517852783203
500,500,700,gaussian-filter,1.4110588073730468
500,500,700,gst3d,39.47317047119141
500,500,800,envelope,5.31884765625
500,500,800,gaussian-filter,1.5974876403808593
500,500,800,gst3d,45.11113662719727
500,600,100,envelope,0.8818046569824218
500,600,100,gaussian-filter,0.33060302734375
500,600,100,gst3d,6.750950622558594
500,600,200,envelope,1.6668617248535156
500,600,200,gaussian-filter,0.5540237426757812
500,600,200,gst3d,13.521822357177735
500,600,300,envelope,2.4497344970703123
500,600,300,gaussian-filter,0.7778114318847656
500,600,300,gst3d,20.292910766601562
500,600,400,envelope,3.2309425354003904
500,600,400,gaussian-filter,1.0012550354003906
500,600,400,gst3d,27.0632080078125
500,600,500,envelope,4.015751647949219
500,600,500,gaussian-filter,1.2246253967285157
500,600,500,gst3d,33.833464813232425
500,600,600,envelope,4.797550201416016
500,600,600,gaussian-filter,1.4483154296875
500,600,600,gst3d,40.60525817871094
500,600,700,envelope,5.579414367675781
500,600,700,gaussian-filter,1.6719322204589844
500,600,700,gst3d,47.37554931640625
500,600,800,envelope,6.359558868408203
500,600,800,gaussian-filter,1.8952987670898438
500,600,800,gst3d,54.14533386230469
500,700,100,envelope,1.0146049499511718
500,700,100,gaussian-filter,0.3678680419921875
500,700,100,gst3d,7.8614959716796875
500,700,200,envelope,1.9300025939941405
500,700,200,gaussian-filter,0.6285072326660156
500,700,200,gst3d,15.764250183105469
500,700,300,envelope,2.8418563842773437
500,700,300,gaussian-filter,0.8894294738769531
500,700,300,gst3d,23.667111206054688
500,700,400,envelope,3.7553497314453126
500,700,400,gaussian-filter,1.1501853942871094
500,700,400,gst3d,31.56961669921875
500,700,500,envelope,4.666632843017578
500,700,500,gaussian-filter,1.410895538330078
500,700,500,gst3d,39.47319564819336
500,700,600,envelope,5.578936767578125
500,700,600,gaussian-filter,1.6719245910644531
500,700,600,gst3d,47.375423431396484
500,700,700,envelope,6.490287780761719
500,700,700,gaussian-filter,1.9324958801269532
500,700,700,gst3d,55.27778625488281
500,700,800,envelope,7.3988197326660154
500,700,800,gaussian-filter,2.1932655334472657
500,700,800,gst3d,63.1805061340332
500,800,100,envelope,1.1450302124023437
500,800,100,gaussian-filter,0.40506439208984374
500,800,100,gst3d,8.973123168945312
500,800,200,envelope,2.187530517578125
500,800,200,gaussian-filter,0.7031326293945312
500,800,200,gst3d,18.007344818115236
500,800,300,envelope,3.2332443237304687
500,800,300,gaussian-filter,1.0011146545410157
500,800,300,gst3d,27.041908264160156
500,800,400,envelope,4.275505065917969
500,800,400,gaussian-filter,1.2992271423339843
500,800,400,gst3d,36.07710418701172
500,800,500,envelope,5.318564605712891
500,800,500,gaussian-filter,1.5973663330078125
500,800,500,gst3d,45.110494995117186
500,800,600,envelope,6.359988403320313
500,800,600,gaussian-filter,1.8954437255859375
500,800,600,gst3d,54.14563522338867
500,800,700,envelope,7.404518127441406
500,800,700,gaussian-filter,2.1933670043945312
500,800,700,gst3d,63.18052597045899
500,800,800,envelope,8.446194458007813
500,800,800,gaussian-filter,2.491524505615234
500,800,800,gst3d,72.2148223876953
600,100,100,envelope,0.2561676025390625
600,100,100,gaussian-filter,0.1519561767578125
600,100,100,gst3d,1.4395896911621093
600,100,200,envelope,0.41402435302734375
600,100,200,gaussian-filter,0.19644622802734374
600,100,200,gst3d,2.7497802734375
600,100,300,envelope,0.5738243103027344
600,100,300,gaussian-filter,0.24110946655273438
600,100,300,gst3d,4.083641052246094
600,100,400,envelope,0.7269767761230469
600,100,400,gaussian-filter,0.2860565185546875
600,100,400,gst3d,5.417751312255859
600,100,500,envelope,0.8871696472167969
600,100,500,gaussian-filter,0.3308013916015625
600,100,500,gst3d,6.751030731201172
600,100,600,envelope,1.0446662902832031
600,100,600,gaussian-filter,0.37527923583984374
600,100,600,gst3d,8.085642242431641
600,100,700,envelope,1.1981788635253907
600,100,700,gaussian-filter,0.4201499938964844
600,100,700,gst3d,9.41900634765625
600,100,800,envelope,1.3553497314453125
600,100,800,gaussian-filter,0.464892578125
600,100,800,gst3d,10.752715301513671
600,200,100,envelope,0.41815032958984377
600,200,100,gaussian-filter,0.19646682739257812
600,200,100,gst3d,2.7499237060546875
600,200,200,envelope,0.7276481628417969
600,200,200,gaussian-filter,0.2860557556152344
600,200,200,gst3d,5.4428260803222654
600,200,300,envelope,1.0390396118164062
600,200,300,gaussian-filter,0.37526397705078124
600,200,300,gst3d,8.13607177734375
600,200,400,envelope,1.3571479797363282
600,200,400,gaussian-filter,0.46489715576171875
600,200,400,gst3d,10.828681945800781
600,200,500,envelope,1.6692855834960938
600,200,500,gaussian-filter,0.5541847229003907
600,200,500,gst3d,13.521905517578125
600,200,600,envelope,1.97880859375
600,200,600,gaussian-filter,0.6437019348144531
600,200,600,gst3d,16.214520263671876
600,200,700,envelope,2.293656921386719
600,200,700,gaussian-filter,0.7329757690429688
600,200,700,gst3d,18.907925415039063
600,200,800,envelope,2.60660400390625
600,200,800,gaussian-filter,0.8225570678710937
600,200,800,gst3d,21.6007438659668
600,300,100,envelope,0.5691314697265625
600,300,100,gaussian-filter,0.24120025634765624
600,300,100,gst3d,4.083494567871094
600,300,200,envelope,1.0415283203125
600,300,200,gaussian-filter,0.3753997802734375
600,300,200,gst3d,8.136054992675781
600,300,300,envelope,1.5118682861328125
600,300,300,gaussian-filter,0.5095329284667969
600,300,300,gst3d,12.188222503662109
600,300,400,envelope,1.9798377990722655
600,300,400,gaussian-filter,0.6437271118164063
600,300,400,gst3d,16.24079360961914
600,300,500,envelope,2.451671600341797
600,300,500,gaussian-filter,0.7778923034667968
600,300,500,gst3d,20.292051696777342
600,300,600,envelope,2.921735382080078
600,300,600,gaussian-filter,0.9116554260253906
600,300,600,gst3d,24.344290924072265
600,300,700,envelope,3.390607452392578
600,300,700,gaussian-filter,1.0459365844726562
600,300,700,gst3d,28.39705047607422
600,300,800,envelope,3.8594146728515626
600,300,800,gaussian-filter,1.1800849914550782
600,300,800,gst3d,32.44931259155273
600,400,100,envelope,0.7276336669921875
600,400,100,gaussian-filter,0.2860565185546875
600,400,100,gst3d,5.417186737060547
600,400,200,envelope,1.355853271484375
600,400,200,gaussian-filter,0.4648956298828125
600,400,200,gst3d,10.828649139404297
600,400,300,envelope,1.9812164306640625
600,400,300,gaussian-filter,0.6437850952148437
600,400,300,gst3d,16.240858459472655
600,400,400,envelope,2.609710693359375
600,400,400,gaussian-filter,0.8225563049316407
600,400,400,gst3d,21.652464294433592
600,400,500,envelope,3.2318130493164063
600,400,500,gaussian-filter,1.0012321472167969
600,400,500,gst3d,27.06345138549805
600,400,600,envelope,3.8573883056640623
600,400,600,gaussian-filter,1.1801002502441407
600,400,600,gst3d,32.47472915649414
600,400,700,envelope,4.486244201660156
600,400,700,gaussian-filter,1.3589195251464843
600,400,700,gst3d,37.88617477416992
600,400,800,envelope,5.109140014648437
600,400,800,gaussian-filter,1.5377685546875
600,400,800,gst3d,43.296990966796876
600,500,100,envelope,0.8785980224609375
600,500,100,gaussian-filter,0.3307319641113281
600,500,100,gst3d,6.751538848876953
600,500,200,envelope,1.6678443908691407
600,500,200,gaussian-filter,0.5541305541992188
600,500,200,gst3d,13.521990203857422
600,500,300,envelope,2.4535598754882812
600,500,300,gaussian-filter,0.7778251647949219
600,500,300,gst3d,20.29250564575195
600,500,400,envelope,3.231465148925781
600,500,400,gaussian-filter,1.00123291015625
600,500,400,gst3d,27.063570404052733
600,500,500,envelope,4.015276336669922
600,500,500,gaussian-filter,1.2247840881347656
600,500,500,gst3d,33.833832550048825
600,500,600,envelope,4.798089599609375
600,500,600,gaussian-filter,1.448162841796875
600,500,600,gst3d,40.60530242919922
600,500,700,envelope,5.578215789794922
600,500,700,gaussian-filter,1.6718841552734376
600,500,700,gst3d,47.37498397827149
600,500,800,envelope,6.360049438476563
600,500,800,gaussian-filter,1.8952987670898438
600,500,800,gst3d,54.14528198242188
600,600,100,envelope,1.0420951843261719
600,600,100,gaussian-filter,0.37528305053710936
600,600,100,gst3d,8.085599517822265
600,600,200,envelope,1.9825576782226562
600,600,200,gaussian-filter,0.6438232421875
600,600,200,gst3d,16.214900970458984
600,600,300,envelope,2.9202835083007814
600,600,300,gaussian-filter,0.9116775512695312
600,600,300,gst3d,24.344609832763673
600,600,400,envelope,3.858111572265625
600,600,400,gaussian-filter,1.180091094970703
600,600,400,gst3d,32.47476806640625
600,600,500,envelope,4.7966361999511715
600,600,500,gaussian-filter,1.4481727600097656
600,600,500,gst3d,40.60520553588867
600,600,600,envelope,5.736023712158203
600,600,600,gaussian-filter,1.7165420532226563
600,600,600,gst3d,48.73409805297852
600,600,700,envelope,6.669913482666016
600,600,700,gaussian-filter,1.9845947265625
600,600,700,gst3d,56.864295959472656
600,600,800,envelope,7.609938049316407
600,600,800,gaussian-filter,2.2529678344726562
600,600,800,gst3d,64.99417572021484
600,700,100,envelope,1.1982452392578125
600,700,100,gaussian-filter,0.4199653625488281
600,700,100,gst3d,9.419319152832031
600,700,200,envelope,2.2937858581542967
600,700,200,gaussian-filter,0.7330162048339843
600,700,200,gst3d,18.90797119140625
600,700,300,envelope,3.3886650085449217
600,700,300,gaussian-filter,1.0459205627441406
600,700,300,gst3d,28.39698257446289
600,700,400,envelope,4.483284759521484
600,700,400,gaussian-filter,1.3589126586914062
600,700,400,gst3d,37.88604888916016
600,700,500,envelope,5.5809783935546875
600,700,500,gaussian-filter,1.671893310546875
600,700,500,gst3d,47.37513275146485
600,700,600,envelope,6.67342529296875
600,700,600,gaussian-filter,1.9846084594726563
600,700,600,gst3d,56.8643440246582
600,700,700,envelope,7.762744140625
600,700,700,gaussian-filter,2.297595977783203
600,700,700,gst3d,66.35330047607422
600,700,800,envelope,8.864752197265625
600,700,800,gaussian-filter,2.6105316162109373
600,700,800,gst3d,75.8422966003418
600,800,100,envelope,1.3512802124023438
600,800,100,gaussian-filter,0.46488189697265625
600,800,100,gst3d,10.75265884399414
600,800,200,envelope,2.6080482482910154
600,800,200,gaussian-filter,0.82254638671875
600,800,200,gst3d,21.60102996826172
600,800,300,envelope,3.86092529296875
600,800,300,gaussian-filter,1.1801025390625
600,800,300,gst3d,32.44937362670898
600,800,400,envelope,5.10921630859375
600,800,400,gaussian-filter,1.5377723693847656
600,800,400,gst3d,43.29728622436524
600,800,500,envelope,6.362037658691406
600,800,500,gaussian-filter,1.8953575134277343
600,800,500,gst3d,54.14577713012695
600,800,600,envelope,7.613974761962891
600,800,600,gaussian-filter,2.2530181884765623
600,800,600,gst3d,64.9940399169922
600,800,700,envelope,8.86352767944336
600,800,700,gaussian-filter,2.610520935058594
600,800,700,gst3d,75.84242095947266
600,800,800,envelope,10.113240814208984
600,800,800,gaussian-filter,2.9682632446289063
600,800,800,gst3d,86.691650390625
700,100,100,envelope,0.28455810546875
700,100,100,gaussian-filter,0.15953140258789061
700,100,100,gst3d,1.6623275756835938
700,100,200,envelope,0.46729888916015627
700,100,200,gaussian-filter,0.21158981323242188
700,100,200,gst3d,3.1920021057128904
700,100,300,envelope,0.6492530822753906
700,100,300,gaussian-filter,0.2637184143066406
700,100,300,gst3d,4.748577880859375
700,100,400,envelope,0.8342437744140625
700,100,400,gaussian-filter,0.3159629821777344
700,100,400,gst3d,6.305528259277343
700,100,500,envelope,1.0158737182617188
700,100,500,gaussian-filter,0.3681190490722656
700,100,500,gst3d,7.861804962158203
700,100,600,envelope,1.2000923156738281
700,100,600,gaussian-filter,0.42006378173828124
700,100,600,gst3d,9.418946075439454
700,100,700,envelope,1.3809158325195312
700,100,700,gaussian-filter,0.47225799560546877
700,100,800,envelope,1.564471435546875
700,100,800,gaussian-filter,0.5245834350585937
700,200,100,envelope,0.46980133056640627
700,200,100,gaussian-filter,0.21157989501953126
700,200,200,envelope,0.8287506103515625
700,200,200,gaussian-filter,0.3159942626953125
700,200,200,gst3d,6.3348548889160154
700,200,300,envelope,1.1961685180664063
700,200,300,gaussian-filter,0.4199638366699219
700,200,300,gst3d,9.477863311767578
700,200,400,envelope,1.5657394409179688
700,200,400,gaussian-filter,0.5246871948242188
700,200,400,gst3d,12.621762084960938
700,200,500,envelope,1.9289764404296874
700,200,500,gaussian-filter,0.6286483764648437
700,200,600,envelope,2.29476318359375
700,200,600,gaussian-filter,0.7329483032226562
700,200,600,gst3d,18.90809555053711
700,200,700,envelope,2.6590728759765625
700,200,700,gaussian-filter,0.8372016906738281
700,200,700,gst3d,22.05083770751953
700,200,800,envelope,3.0237823486328126
700,200,800,gaussian-filter,0.9415657043457031
700,200,800,gst3d,25.194857025146483
700,300,100,envelope,0.6492515563964844
700,300,100,gaussian-filter,0.2634757995605469
700,300,100,gst3d,4.7480720520019535
700,300,200,envelope,1.1958572387695312
700,300,200,gaussian-filter,0.4199256896972656
700,300,200,gst3d,9.47723617553711
700,300,300,envelope,1.745989990234375
700,300,300,gaussian-filter,0.5764549255371094
700,300,400,envelope,2.295754241943359
700,300,400,gaussian-filter,0.7329322814941406
700,300,400,gst3d,18.93773651123047
700,300,500,envelope,2.8439537048339845
700,300,500,gaussian-filter,0.8894424438476562
700,300,500,gst3d,23.66731185913086
700,300,600,envelope,3.39114990234375
700,300,600,gaussian-filter,1.0459495544433595
700,300,600,gst3d,28.396895599365234
700,300,700,envelope,3.9374237060546875
700,300,700,gaussian-filter,1.2024993896484375
700,300,700,gst3d,33.12657089233399
700,300,800,envelope,4.485447692871094
700,300,800,gaussian-filter,1.3589187622070313
700,300,800,gst3d,37.85582504272461
700,400,100,envelope,0.8317802429199219
700,400,100,gaussian-filter,0.31594696044921877
700,400,100,gst3d,6.305136108398438
700,400,200,envelope,1.5639045715332032
700,400,200,gaussian-filter,0.5245994567871094
700,400,200,gst3d,12.621331024169923
700,400,300,envelope,2.291767120361328
700,400,300,gaussian-filter,0.7330108642578125
700,400,300,gst3d,18.93787384033203
700,400,400,envelope,3.026824951171875
700,400,400,gaussian-filter,0.941595458984375
700,400,400,gst3d,25.253646087646484
700,400,500,envelope,3.755097198486328
700,400,500,gaussian-filter,1.1503105163574219
700,400,600,envelope,4.485935974121094
700,400,600,gaussian-filter,1.3589492797851563
700,400,600,gst3d,37.88641128540039
700,400,700,envelope,5.215322113037109
700,400,700,gaussian-filter,1.5676361083984376
700,400,700,gst3d,44.20258102416992
700,400,800,envelope,5.9415946960449215
700,400,800,gaussian-filter,1.7761619567871094
700,400,800,gst3d,50.519386291503906
700,500,100,envelope,1.013921356201172
700,500,100,gaussian-filter,0.3680694580078125
700,500,200,envelope,1.9282798767089844
700,500,200,gaussian-filter,0.6285850524902343
700,500,300,envelope,2.842137908935547
700,500,300,gaussian-filter,0.8894515991210937
700,500,300,gst3d,23.667483520507812
700,500,400,envelope,3.7536781311035154
700,500,400,gaussian-filter,1.1504112243652345
700,500,400,gst3d,31.570115661621095
700,500,500,envelope,4.668170166015625
700,500,500,gaussian-filter,1.4110389709472657
700,500,600,envelope,5.579335021972656
700,500,600,gaussian-filter,1.6719329833984375
700,500,600,gst3d,47.37519989013672
700,500,700,envelope,6.490312194824218
700,500,700,gaussian-filter,1.932470703125
700,500,700,gst3d,55.27815628051758
700,500,800,envelope,7.400353240966797
700,500,800,gaussian-filter,2.1934249877929686
700,600,100,envelope,1.1954345703125
700,600,100,gaussian-filter,0.41996612548828127
700,600,100,gst3d,9.419090270996094
700,600,200,envelope,2.294207000732422
700,600,200,gaussian-filter,0.7329757690429688
700,600,200,gst3d,18.90805587768555
700,600,300,envelope,3.3890586853027345
700,600,300,gaussian-filter,1.0459091186523437
700,600,300,gst3d,28.39680404663086
700,600,400,envelope,4.482432556152344
700,600,400,gaussian-filter,1.3589393615722656
700,600,500,envelope,5.579252624511719
700,600,500,gaussian-filter,1.6719146728515626
700,600,500,gst3d,47.37554931640625
700,600,600,envelope,6.668643188476563
700,600,600,gaussian-filter,1.9846778869628907
700,600,700,envelope,7.764708709716797
700,600,700,gaussian-filter,2.297534942626953
700,600,800,envelope,8.863255310058594
700,600,800,gaussian-filter,2.6105064392089843
700,600,800,gst3d,75.84163436889648
700,700,100,envelope,1.383661651611328
700,700,100,gaussian-filter,0.47218170166015627
700,700,200,envelope,2.6603233337402346
700,700,200,gaussian-filter,0.8373649597167969
700,700,200,gst3d,22.051052856445313
700,700,300,envelope,3.9368019104003906
700,700,300,gaussian-filter,1.2024391174316407
700,700,300,gst3d,33.12702865600586
700,700,400,envelope,5.2162940979003904
700,700,400,gaussian-filter,1.5675392150878906
700,700,500,envelope,6.489900207519531
700,700,500,gaussian-filter,1.9324325561523437
700,700,500,gst3d,55.27844161987305
700,700,600,envelope,7.7647247314453125
700,700,600,gaussian-filter,2.29761962890625
700,700,600,gst3d,66.35281677246094
700,700,700,envelope,9.047745513916016
700,700,700,gaussian-filter,2.6627433776855467
700,700,800,envelope,10.322585296630859
700,700,800,gaussian-filter,3.0278556823730467
700,700,800,gst3d,88.50490188598633
700,800,100,envelope,1.5663780212402343
700,800,100,gaussian-filter,0.5245452880859375
700,800,100,gst3d,12.532777404785156
700,800,200,envelope,3.026660919189453
700,800,200,gaussian-filter,0.9416297912597656
700,800,200,gst3d,25.194474029541016
700,800,300,envelope,4.484506225585937
700,800,300,gaussian-filter,1.3589248657226562
700,800,300,gst3d,37.855889892578126
700,800,400,envelope,5.946929931640625
700,800,400,gaussian-filter,1.7761489868164062
700,800,400,gst3d,50.51937026977539
700,800,500,envelope,7.403067016601563
700,800,500,gaussian-filter,2.193395233154297
700,800,500,gst3d,63.180606079101565
700,800,600,envelope,8.862429809570312
700,800,600,gaussian-filter,2.610503387451172
700,800,600,gst3d,75.84208145141602
700,800,700,envelope,10.323532104492188
700,800,700,gaussian-filter,3.027863311767578
700,800,700,gst3d,88.5047592163086
700,800,800,envelope,11.782147216796876
700,800,800,gaussian-filter,3.4448822021484373
700,800,800,gst3d,101.16633987426758
800,100,100,envelope,0.3121498107910156
800,100,100,gaussian-filter,0.166668701171875
800,100,100,gst3d,1.8850669860839844
800,100,200,envelope,0.5205718994140625
800,100,200,gaussian-filter,0.22636947631835938
800,100,200,gst3d,3.6337013244628906
800,100,300,envelope,0.7270370483398437
800,100,300,gaussian-filter,0.2860504150390625
800,100,300,gst3d,5.413618469238282
800,100,400,envelope,0.938128662109375
800,100,400,gaussian-filter,0.3455390930175781
800,100,400,gst3d,7.1934349060058596
800,100,500,envelope,1.1456596374511718
800,100,500,gaussian-filter,0.4052116394042969
800,100,500,gst3d,8.973261260986328
800,100,600,envelope,1.357213592529297
800,100,600,gaussian-filter,0.46488113403320314
800,100,600,gst3d,10.753083801269531
800,100,700,envelope,1.5631126403808593
800,100,700,gaussian-filter,0.5246101379394531
800,100,700,gst3d,12.532933807373047
800,100,800,envelope,1.7740432739257812
800,100,800,gaussian-filter,0.5840286254882813
800,100,800,gst3d,14.31244125366211
800,200,100,envelope,0.5156990051269531
800,200,100,gaussian-filter,0.22636871337890624
800,200,100,gst3d,3.633644866943359
800,200,200,envelope,0.934912109375
800,200,200,gaussian-filter,0.34548110961914064
800,200,200,gst3d,7.227894592285156
800,200,300,envelope,1.3563674926757812
800,200,300,gaussian-filter,0.46489410400390624
800,200,300,gst3d,10.820893859863281
800,200,400,envelope,1.7739845275878907
800,200,400,gaussian-filter,0.5840347290039063
800,200,400,gst3d,14.414565277099609
800,200,500,envelope,2.190604400634766
800,200,500,gaussian-filter,0.7031417846679687
800,200,500,gst3d,18.00712356567383
800,200,600,envelope,2.607061004638672
800,200,600,gaussian-filter,0.8225547790527343
800,200,600,gst3d,21.60095672607422
800,200,700,envelope,3.0242950439453127
800,200,700,gaussian-filter,0.9415557861328125
800,200,700,gst3d,25.19461441040039
800,200,800,envelope,3.4428810119628905
800,200,800,gaussian-filter,1.0608650207519532
800,200,800,gst3d,28.787820434570314
800,300,100,envelope,0.7285514831542969
800,300,100,gaussian-filter,0.28606719970703126
800,300,100,gst3d,5.413754272460937
800,300,200,envelope,1.356389617919922
800,300,200,gaussian-filter,0.4648651123046875
800,300,200,gst3d,10.820258331298827
800,300,300,envelope,1.9824676513671875
800,300,300,gaussian-filter,0.6437454223632812
800,300,300,gst3d,16.227174377441408
800,300,400,envelope,2.607550048828125
800,300,400,gaussian-filter,0.8225570678710937
800,300,400,gst3d,21.63497848510742
800,300,500,envelope,3.2333885192871095
800,300,500,gaussian-filter,1.0012611389160155
800,300,500,gst3d,27.041815948486327
800,300,600,envelope,3.859467315673828
800,300,600,gaussian-filter,1.1801025390625
800,300,600,gst3d,32.449345397949216
800,300,700,envelope,4.485224914550781
800,300,700,gaussian-filter,1.3590431213378906
800,300,700,gst3d,37.85623321533203
800,300,800,envelope,5.109368133544922
800,300,800,gaussian-filter,1.5377494812011718
800,300,800,gst3d,43.26390609741211
800,400,100,envelope,0.9336936950683594
800,400,100,gaussian-filter,0.3454704284667969
800,400,100,gst3d,7.192854309082032
800,400,200,envelope,1.7712295532226563
800,400,200,gaussian-filter,0.5840545654296875
800,400,200,gst3d,14.414463806152344
800,400,300,envelope,2.605462646484375
800,400,300,gaussian-filter,0.8225914001464844
800,400,300,gst3d,21.63554458618164
800,400,400,envelope,3.439319610595703
800,400,400,gaussian-filter,1.0607276916503907
800,400,400,gst3d,28.855208587646484
800,400,500,envelope,4.274658203125
800,400,500,gaussian-filter,1.2993141174316407
800,400,500,gst3d,36.077134704589845
800,400,600,envelope,5.110372161865234
800,400,600,gaussian-filter,1.5377578735351562
800,400,600,gst3d,43.29764938354492
800,400,700,envelope,5.942725372314453
800,400,700,gaussian-filter,1.77607421875
800,400,700,gst3d,50.519412231445315
800,400,800,envelope,6.775165557861328
800,400,800,gaussian-filter,2.0144699096679686
800,400,800,gst3d,57.739175415039064
800,500,100,envelope,1.1461822509765625
800,500,100,gaussian-filter,0.4051841735839844
800,500,100,gst3d,8.973133850097657
800,500,200,envelope,2.1869125366210938
800,500,200,gaussian-filter,0.703033447265625
800,500,200,gst3d,18.007657623291017
800,500,300,envelope,3.2337371826171877
800,500,300,gaussian-filter,1.0012680053710938
800,500,300,gst3d,27.041624450683592
800,500,400,envelope,4.274250793457031
800,500,400,gaussian-filter,1.2993492126464843
800,500,400,gst3d,36.077084350585935
800,500,500,envelope,5.319968414306641
800,500,500,gaussian-filter,1.5974601745605468
800,500,500,gst3d,45.111315155029295
800,500,600,envelope,6.355735778808594
800,500,600,gaussian-filter,1.8953018188476562
800,500,600,gst3d,54.14560546875
800,500,700,envelope,7.40626220703125
800,500,700,gaussian-filter,2.193276214599609
800,500,700,gst3d,63.18069000244141
800,500,800,envelope,8.447843933105469
800,500,800,gaussian-filter,2.491497039794922
800,500,800,gst3d,72.21487731933594
800,600,100,envelope,1.3524620056152343
800,600,100,gaussian-filter,0.4648895263671875
800,600,100,gst3d,10.752582550048828
800,600,200,envelope,2.6046875
800,600,200,gaussian-filter,0.8225563049316407
800,600,200,gst3d,21.600738525390625
800,600,300,envelope,3.8610130310058595
800,600,300,gaussian-filter,1.1801025390625
800,600,300,gst3d,32.449555206298825
800,600,400,envelope,5.109691619873047
800,600,400,gaussian-filter,1.537762451171875
800,600,400,gst3d,43.29745101928711
800,600,500,envelope,6.360399627685547
800,600,500,gaussian-filter,1.8953262329101563
800,600,500,gst3d,54.14555282592774
800,600,600,envelope,7.612684631347657
800,600,600,gaussian-filter,2.2531509399414062
800,600,600,gst3d,64.99418334960937
800,600,700,envelope,8.86376724243164
800,600,700,gaussian-filter,2.610509490966797
800,600,700,gst3d,75.84236450195313
800,600,800,envelope,10.114892578125
800,600,800,gaussian-filter,2.9681602478027345
800,600,800,gst3d,86.69159927368165
800,700,100,envelope,1.5621444702148437
800,700,100,gaussian-filter,0.5245834350585937
800,700,100,gst3d,12.532833862304688
800,700,200,envelope,3.0235389709472655
800,700,200,gaussian-filter,0.9416030883789063
800,700,200,gst3d,25.194513702392577
800,700,300,envelope,4.4875328063964846
800,700,300,gaussian-filter,1.3589347839355468
800,700,300,gst3d,37.85664443969726
800,700,400,envelope,5.944485473632812
800,700,400,gaussian-filter,1.7760795593261718
800,700,400,gst3d,50.519361114501955
800,700,500,envelope,7.404244232177734
800,700,500,gaussian-filter,2.1933006286621093
800,700,500,gst3d,63.180345153808595
800,700,600,envelope,8.861106872558594
800,700,600,gaussian-filter,2.610601043701172
800,700,600,gst3d,75.84262466430664
800,700,700,envelope,10.324401092529296
800,700,700,gaussian-filter,3.0278907775878907
800,700,700,gst3d,88.50500564575195
800,700,800,envelope,11.78598403930664
800,700,800,gaussian-filter,3.444866180419922
800,700,800,gst3d,101.16630630493164
800,800,100,envelope,1.7719825744628905
800,800,100,gaussian-filter,0.5840202331542969
800,800,100,gst3d,14.312241363525391
800,800,200,envelope,3.440221405029297
800,800,200,gaussian-filter,1.060704803466797
800,800,200,gst3d,28.78724822998047
800,800,300,envelope,5.1096435546875
800,800,300,gaussian-filter,1.5377471923828125
800,800,300,gst3d,43.26383819580078
800,800,400,envelope,6.779196929931641
800,800,400,gaussian-filter,2.0145164489746095
800,800,400,gst3d,57.73890380859375
800,800,500,envelope,8.445815277099609
800,800,500,gaussian-filter,2.4915016174316404
800,800,500,gst3d,72.21527633666992
800,800,600,envelope,10.11401824951172
800,800,600,gaussian-filter,2.9682266235351564
800,800,600,gst3d,86.69168624877929
800,800,700,envelope,11.784249877929687
800,800,700,gaussian-filter,3.4448226928710937
800,800,700,gst3d,101.16634368896484
800,800,800,envelope,13.451461791992188
800,800,800,gaussian-filter,3.921887969970703
800,800,800,gst3d,115.6418670654297
